App,Package,Start Time,Duration,Filename
"System",,"Oct 19, 2018 @ 03:16:26 PM","58 sec","Trepn_2018.10.19_151625.db"

Time  [ms],"Battery Status",Time  [ms],"Memory Usage [KB]",Time  [ms],"Battery Power* [uW] (Raw)","Battery Power* [uW] (Delta)",Time  [ms],"GPU Frequency [KHz]",Time  [ms],"GPU Load [%]",Time  [ms],"CPU Load [%]",Time  [ms],"CPU1 Frequency [kHz]",Time  [ms],"CPU2 Frequency [kHz]",Time  [ms],"CPU3 Frequency [kHz]",Time  [ms],"CPU4 Frequency [kHz]",Time  [ms],"CPU5 Frequency [kHz]",Time  [ms],"CPU6 Frequency [kHz]",Time  [ms],"CPU7 Frequency [kHz]",Time  [ms],"CPU8 Frequency [kHz]",Time  [ms],"CPU1 Load [%]",Time  [ms],"CPU2 Load [%]",Time  [ms],"CPU3 Load [%]",Time  [ms],"CPU4 Load [%]",Time  [ms],"CPU5 Load [%]",Time  [ms],"CPU6 Load [%]",Time  [ms],"CPU7 Load [%]",Time  [ms],"CPU8 Load [%]",
103,3,89,2755228,100,741075,0,105,180000,105,0,106,20,106,1555200,90,1555200,94,1555200,96,1555200,98,633600,101,1248000,103,1248000,104,1248000,88,45,93,22,95,42,97,29,100,20,102,0,104,0,105,0,
113,3,108,2755464,112,1932719,941527,115,180000,116,0,116,66,160,1555200,108,1555200,109,1555200,110,1555200,111,1248000,112,1248000,113,1248000,114,1248000,107,100,109,100,110,0,111,0,112,100,113,100,114,0,115,0,
171,3,162,2756136,169,2526555,1535363,174,180000,174,0,175,38,261,1555200,163,1555200,164,1555200,166,1555200,168,1248000,170,1248000,171,1248000,173,1248000,162,50,164,100,166,80,168,25,169,40,171,0,173,0,174,0,
271,3,263,2757100,269,1383828,392636,274,180000,275,0,276,21,361,1555200,263,1555200,265,1555200,266,1555200,268,633600,269,633600,271,633600,272,633600,262,63,264,37,266,63,267,30,269,0,270,0,272,0,274,0,
372,3,363,2758040,370,587947,0,375,180000,375,0,376,11,462,1555200,364,1555200,365,1555200,367,1555200,368,633600,370,633600,372,633600,373,633600,362,40,365,22,366,10,368,10,370,0,371,0,373,0,375,0,
471,3,464,2758708,470,932112,0,475,180000,476,0,477,12,562,1555200,464,1555200,465,1555200,467,1555200,468,633600,470,633600,472,633600,473,633600,463,62,465,30,467,20,468,18,470,0,471,0,473,0,474,0,
577,3,566,2758988,575,610897,0,581,180000,582,0,583,13,663,1555200,566,1555200,569,1555200,571,1555200,573,633600,575,633600,578,633600,580,633600,565,44,568,11,571,10,573,18,575,9,577,0,579,0,581,0,
677,3,666,2759236,675,774370,0,682,180000,682,0,684,13,764,1555200,666,1555200,668,1555200,671,1555200,673,633600,675,633600,677,633600,680,633600,665,60,668,27,670,11,672,10,674,0,677,0,679,0,681,0,
779,3,767,2759720,777,724179,0,784,180000,785,0,786,12,864,1555200,767,1555200,770,1555200,772,1555200,775,633600,778,633600,780,633600,782,633600,765,70,769,11,772,10,774,10,776,0,779,0,782,0,784,0,
874,3,866,2759524,872,659648,0,877,180000,877,0,878,9,966,384000,867,1555200,868,1555200,870,1555200,871,633600,873,633600,874,633600,875,633600,865,60,868,11,869,10,871,11,872,0,874,0,875,0,877,0,
990,3,972,2759772,987,33094,0,999,180000,1000,0,1002,8,1067,1478400,973,384000,977,600000,981,600000,984,633600,987,633600,991,633600,994,633600,970,20,976,18,980,0,983,0,986,0,990,0,993,0,999,0,
1079,3,1070,2760484,1077,737960,0,1084,180000,1085,0,1086,12,1167,1555200,1070,1478400,1072,1478400,1074,1478400,1075,633600,1077,633600,1080,633600,1082,633600,1068,50,1071,33,1073,11,1075,18,1077,0,1079,0,1082,0,1084,0,
1177,3,1169,2760640,1175,619820,0,1181,180000,1181,0,1182,10,1268,1555200,1170,1555200,1171,1555200,1172,1555200,1174,633600,1175,633600,1178,633600,1179,633600,1168,33,1171,30,1172,10,1174,11,1175,10,1177,0,1179,0,1180,0,
1276,3,1270,2760940,1275,473226,0,1280,180000,1280,0,1282,7,1368,1555200,1270,1555200,1271,1555200,1272,1555200,1274,633600,1275,633600,1277,633600,1278,633600,1269,36,1271,30,1272,0,1274,0,1275,0,1276,0,1278,0,1280,0,
1380,3,1371,2761436,1378,279633,0,1384,180000,1385,0,1386,6,1469,1555200,1371,1555200,1373,1555200,1375,1555200,1376,633600,1378,633600,1381,633600,1382,633600,1370,12,1373,27,1374,0,1376,0,1378,0,1380,0,1382,0,1384,0,
1478,3,1471,2761808,1477,444545,0,1481,180000,1482,0,1483,6,1570,1555200,1471,1555200,1473,1555200,1474,1555200,1475,633600,1477,633600,1478,633600,1480,633600,1470,33,1472,20,1474,0,1475,9,1476,0,1478,0,1479,0,1481,0,
1586,3,1574,2761992,1584,279633,0,1590,180000,1590,0,1591,9,1670,1555200,1575,1555200,1578,1555200,1581,1555200,1582,633600,1584,633600,1586,633600,1588,633600,1572,30,1577,0,1580,0,1582,9,1584,0,1586,0,1588,0,1589,0,
1679,3,1671,2762240,1677,621574,0,1682,180000,1682,0,1684,9,1770,1555200,1672,1555200,1673,1555200,1675,1555200,1676,633600,1678,633600,1679,633600,1681,633600,1671,50,1673,11,1674,12,1676,11,1677,11,1679,0,1680,0,1682,0,
1780,3,1772,2762540,1779,437375,0,1785,180000,1785,0,1787,5,1871,1555200,1773,1555200,1774,1555200,1775,1555200,1777,633600,1779,633600,1780,633600,1782,633600,1771,33,1774,18,1775,10,1776,0,1778,0,1780,0,1781,0,1783,0,
1883,3,1873,2761264,1882,423035,0,1886,180000,1886,0,1886,14,1971,1555200,1874,1555200,1876,1555200,1878,1555200,1880,1248000,1882,1248000,1884,1248000,1885,1248000,1872,22,1875,27,1877,0,1879,10,1881,0,1883,27,1884,0,1885,0,
1982,3,1973,2761340,1980,1015786,24594,1985,180000,1986,0,1987,12,2071,1555200,1974,1555200,1975,1555200,1977,1555200,1979,633600,1980,633600,1982,633600,1984,633600,1972,50,1975,30,1977,20,1978,18,1980,20,1982,0,1983,0,1985,0,
2082,3,2073,2761340,2080,344164,0,2085,180000,2086,0,2087,8,2172,1555200,2074,1555200,2075,1555200,2077,1555200,2079,633600,2080,633600,2082,633600,2084,633600,2073,18,2075,9,2077,11,2078,10,2080,0,2082,0,2083,0,2085,0,
2181,3,2174,2761144,2179,566437,0,2184,180000,2184,0,2185,6,2272,1555200,2174,1555200,2175,1555200,2177,1555200,2178,633600,2180,633600,2181,633600,2182,633600,2173,42,2175,12,2177,25,2178,0,2179,0,2181,0,2182,0,2183,0,
2285,3,2275,2761144,2284,64530,0,2289,180000,2290,0,2292,3,2373,1555200,2276,1555200,2278,1555200,2280,1555200,2283,633600,2284,633600,2286,633600,2287,633600,2274,9,2278,0,2280,0,2282,0,2284,0,2285,0,2287,0,2289,0,
2383,3,2375,2761316,2381,623798,0,2387,180000,2387,0,2388,9,2473,1555200,2375,1555200,2377,1555200,2379,1555200,2380,633600,2382,633600,2384,633600,2385,633600,2374,55,2376,11,2378,10,2380,11,2381,0,2383,0,2385,0,2386,0,
2481,3,2475,2761444,2480,372844,0,2484,180000,2484,0,2485,5,2573,1555200,2475,1555200,2476,1555200,2478,1555200,2479,633600,2480,633600,2481,633600,2483,633600,2474,22,2476,10,2477,0,2479,20,2480,0,2481,0,2482,0,2484,0,
2583,3,2575,2761612,2581,150571,0,2586,180000,2586,0,2587,7,2674,1555200,2576,1555200,2577,1555200,2579,1555200,2580,633600,2582,633600,2583,633600,2585,633600,2575,10,2577,0,2578,0,2580,11,2581,0,2583,0,2584,0,2586,0,
2683,3,2676,2761788,2682,595117,0,2686,180000,2687,0,2688,7,2774,1555200,2676,1555200,2678,1555200,2679,1555200,2681,633600,2682,633600,2684,633600,2685,633600,2675,54,2678,0,2679,9,2680,20,2682,0,2683,0,2685,0,2686,0,
2784,3,2776,2762036,2782,157742,0,2788,180000,2789,0,2790,2,2876,1555200,2777,1555200,2778,1555200,2779,1555200,2781,633600,2783,633600,2785,633600,2786,633600,2775,11,2778,0,2779,0,2781,11,2782,0,2784,0,2786,0,2788,0,
2886,3,2878,2762284,2884,702669,0,2889,180000,2889,0,2890,12,2976,1555200,2878,1555200,2880,1555200,2881,1555200,2883,633600,2884,633600,2886,633600,2887,633600,2877,50,2880,20,2881,10,2882,18,2884,0,2885,0,2887,0,2888,0,
2985,3,2978,2761892,2984,544927,0,2988,180000,2989,0,2990,8,3077,1555200,2978,1555200,2980,1555200,2981,1555200,2983,633600,2984,633600,2986,633600,2987,633600,2977,44,2980,10,2981,22,2982,0,2984,0,2985,0,2987,0,2988,0,
3089,3,3080,2762140,3087,250953,0,3092,180000,3092,0,3094,5,3177,1555200,3081,1555200,3083,1555200,3085,1555200,3086,633600,3088,633600,3089,633600,3091,633600,3078,9,3082,0,3084,18,3086,8,3087,0,3089,0,3090,0,3092,0,
3186,3,3179,2762312,3184,580777,0,3189,180000,3189,0,3190,8,3277,1555200,3179,1555200,3180,1555200,3182,1555200,3183,633600,3185,633600,3186,633600,3188,633600,3178,50,3180,11,3181,20,3183,0,3184,0,3186,0,3187,0,3188,0,
3286,3,3279,2762312,3285,451715,0,3290,180000,3290,0,3291,8,3378,1555200,3279,1555200,3281,1555200,3282,1555200,3283,633600,3285,633600,3287,633600,3288,633600,3278,36,3280,0,3282,11,3283,16,3284,0,3286,0,3288,0,3289,0,
3389,3,3380,2762560,3387,423035,0,3393,180000,3393,0,3394,8,3478,1555200,3381,1555200,3382,1555200,3384,1555200,3386,633600,3387,633600,3389,633600,3391,633600,3379,20,3382,9,3384,20,3385,10,3387,0,3389,0,3390,0,3392,0,
3487,3,3480,2762684,3486,609457,0,3490,180000,3491,0,3491,10,3579,384000,3480,1555200,3482,1555200,3483,1555200,3485,633600,3486,633600,3487,633600,3489,633600,3479,45,3482,12,3483,18,3484,10,3486,0,3487,0,3488,0,3490,0,
3596,3,3584,2762660,3594,87402,0,3601,180000,3601,0,3603,8,3679,1555200,3585,460800,3588,960000,3590,960000,3592,633600,3594,633600,3597,633600,3599,633600,3583,12,3588,16,3590,0,3592,18,3594,0,3596,0,3598,0,3600,0,
3690,3,3682,2762660,3689,652478,0,3694,180000,3695,0,3696,9,3780,1555200,3682,1555200,3684,1555200,3686,1555200,3687,633600,3689,633600,3691,633600,3692,633600,3681,50,3683,11,3685,0,3687,30,3688,0,3690,0,3692,0,3694,0,
3789,3,3782,2762712,3788,361697,0,3792,180000,3792,0,3793,7,3880,1248000,3782,1555200,3784,1555200,3785,1555200,3786,633600,3788,633600,3789,633600,3791,633600,3781,37,3783,0,3785,0,3786,11,3787,10,3789,0,3790,0,3792,0,
3893,3,3883,2762712,3891,179532,0,3896,180000,3897,0,3898,6,3981,1555200,3883,1248000,3885,1248000,3887,1248000,3889,633600,3891,633600,3893,633600,3895,633600,3882,27,3885,9,3886,0,3888,0,3891,0,3893,0,3894,0,3896,0,
3989,3,3982,2763064,3988,501906,0,3992,180000,3992,0,3993,5,4082,384000,3983,1555200,3984,1555200,3985,1555200,3986,633600,3988,633600,3989,633600,3990,633600,3982,37,3984,22,3985,11,3986,0,3987,0,3989,0,3990,0,3991,0,
4111,3,4089,2763064,4108,70350,0,4117,180000,4118,0,4121,8,4182,1555200,4090,384000,4096,384000,4102,960000,4105,633600,4108,633600,4112,633600,4114,633600,4087,10,4095,10,4101,8,4105,14,4108,0,4110,0,4114,0,4117,0,
4193,3,4184,2763064,4191,638138,0,4196,180000,4197,0,4198,10,4283,1555200,4184,1555200,4186,1555200,4188,1555200,4189,633600,4191,633600,4193,633600,4195,633600,4183,66,4185,11,4187,12,4189,0,4191,0,4192,0,4194,0,4196,0,
4291,3,4284,2763116,4290,587947,0,4294,180000,4295,0,4296,7,4383,1555200,4285,1555200,4286,1555200,4287,1555200,4289,633600,4290,633600,4292,633600,4293,633600,4284,50,4286,12,4287,20,4288,0,4290,0,4291,0,4293,0,4294,0,
4397,3,4386,2763116,4395,265293,0,4401,180000,4402,0,4403,5,4484,1555200,4387,1555200,4389,1555200,4391,1555200,4394,633600,4396,633600,4397,633600,4399,633600,4385,10,4388,18,4391,0,4393,9,4395,0,4397,0,4399,0,4400,0,
4498,3,4487,2763344,4496,552097,0,4503,180000,4503,0,4504,11,4584,1555200,4488,1555200,4490,1555200,4492,1555200,4495,633600,4497,633600,4499,633600,4501,633600,4486,55,4489,22,4492,0,4494,0,4496,0,4498,0,4500,0,4502,0,
4592,3,4586,2763704,4591,609457,0,4595,180000,4595,0,4596,8,4686,672000,4586,1555200,4587,1555200,4589,1555200,4590,633600,4591,633600,4593,633600,4594,633600,4585,45,4587,20,4588,11,4590,9,4591,0,4592,0,4594,0,4595,0,
4708,3,4691,2763704,4704,76446,0,4712,180000,4713,0,4714,7,4785,1555200,4691,672000,4694,672000,4697,672000,4700,633600,4704,633600,4708,633600,4710,633600,4689,22,4694,18,4697,0,4700,0,4703,0,4707,0,4710,0,4712,0,
4797,3,4788,2763808,4795,702669,0,4802,180000,4802,0,4805,10,4886,1555200,4788,1555200,4790,1555200,4792,1555200,4794,633600,4795,633600,4798,633600,4800,633600,4786,44,4790,33,4791,10,4793,11,4795,0,4797,0,4800,0,4801,0,
4895,3,4888,2771856,4894,791903,0,4899,180000,4900,0,4901,15,4986,1555200,4888,1555200,4889,1555200,4891,1555200,4892,633600,4894,633600,4896,633600,4898,633600,4887,44,4889,54,4891,0,4892,10,4894,10,4895,0,4897,0,4899,0,
5000,3,4988,2770284,4997,884329,0,5004,180000,5004,0,5006,17,5087,1555200,4989,1555200,4991,1555200,4993,1555200,4995,633600,4998,633600,5000,633600,5002,633600,4988,45,4991,40,4992,22,4994,9,4997,30,4999,0,5001,0,5003,0,
5100,3,5089,2770832,5098,1444297,453105,5104,180000,5104,0,5104,20,5187,1555200,5090,1555200,5092,1555200,5094,1555200,5096,1824000,5098,1824000,5100,1824000,5102,1824000,5088,55,5091,30,5093,20,5095,10,5097,66,5100,0,5102,0,5103,0,
5199,3,5189,2771692,5197,1483861,492669,5204,180000,5204,0,5205,22,5288,1555200,5190,1555200,5191,1555200,5193,1555200,5195,1958400,5197,1958400,5200,1958400,5202,1958400,5188,30,5191,18,5193,0,5195,11,5196,100,5199,0,5201,0,5203,0,
5305,3,5291,2772684,5303,1677454,686262,5307,180000,5307,0,5307,24,5388,1555200,5292,1555200,5295,1555200,5298,1555200,5301,1958400,5304,1958400,5305,1958400,5306,1958400,5290,50,5294,0,5297,18,5300,18,5303,100,5305,0,5306,0,5307,0,
5392,3,5389,2775216,5392,1663114,671922,5394,180000,5394,0,5395,22,5488,1555200,5389,1555200,5390,1555200,5391,1555200,5391,1958400,5392,1958400,5393,1958400,5393,1958400,5389,36,5390,18,5391,10,5391,20,5392,100,5392,11,5393,0,5394,0,
5497,3,5490,2744816,5495,1459304,468112,5500,180000,5500,0,5501,27,5589,1555200,5491,1555200,5492,1555200,5493,1555200,5494,768000,5496,768000,5497,768000,5498,768000,5490,62,5492,70,5493,30,5494,22,5495,10,5497,10,5498,0,5499,0,
5602,3,5591,2733980,5600,2938113,1946921,5604,180000,5604,0,5605,65,5689,1555200,5592,1555200,5594,1555200,5598,1555200,5599,1344000,5601,1344000,5602,1344000,5603,1344000,5590,100,5594,80,5598,90,5599,80,5600,72,5602,60,5603,30,5604,0,
5701,3,5692,2737624,5699,3266892,2275700,5704,180000,5705,0,5706,65,5790,1555200,5692,1555200,5694,1555200,5696,1555200,5698,1958400,5700,1958400,5702,1958400,5703,1958400,5691,100,5693,70,5695,66,5697,75,5699,50,5701,25,5703,100,5704,22,
5796,3,5791,2731668,5795,2983031,1991839,5799,180000,5799,0,5800,49,5890,1555200,5791,1555200,5792,1555200,5793,1555200,5793,1958400,5795,1958400,5796,1958400,5798,1958400,5790,72,5792,25,5792,36,5793,33,5794,22,5796,100,5797,100,5799,18,
5901,3,5892,2737808,5899,3856434,2865242,5905,180000,5905,21,5906,45,5990,1555200,5892,1555200,5894,1555200,5896,1555200,5897,1958400,5899,1958400,5902,1958400,5903,1958400,5891,75,5894,45,5895,37,5897,45,5899,9,5901,54,5903,100,5904,0,
5995,3,5992,2740312,5994,3664126,2672934,5996,180000,5997,21,5997,37,6091,1555200,5992,1555200,5993,1555200,5993,1555200,5994,1958400,5994,1958400,5995,1958400,5996,1958400,5991,87,5992,62,5993,50,5994,55,5994,0,5995,30,5996,0,5996,0,
6096,3,6092,2742552,6095,2762924,1771732,6097,180000,6097,21,6098,36,6191,1555200,6092,1555200,6093,1555200,6094,1555200,6094,1958400,6095,1958400,6096,1958400,6097,1958400,6092,81,6093,60,6094,42,6094,40,6095,60,6096,20,6096,0,6097,0,
6199,3,6193,2741352,6198,2148853,1157661,6200,305000,6201,21,6201,32,6292,1555200,6194,1555200,6195,1555200,6196,1555200,6197,1958400,6198,1958400,6199,1958400,6200,1958400,6193,25,6195,37,6196,25,6197,40,6198,77,6198,30,6199,20,6200,0,
6296,3,6293,2742144,6295,3069820,2078628,6298,305000,6298,21,6298,44,6392,1555200,6293,1555200,6294,1555200,6294,1555200,6295,1958400,6296,1958400,6296,1958400,6297,1958400,6292,75,6294,70,6294,44,6295,50,6295,33,6296,44,6297,18,6297,10,
6400,3,6394,2772100,6399,4591969,3600777,6403,305000,6403,21,6404,76,6493,1555200,6394,1555200,6395,1555200,6397,1555200,6398,1958400,6399,1958400,6401,1958400,6402,1958400,6393,100,6395,88,6396,88,6398,88,6399,70,6400,83,6401,44,6403,40,
6497,3,6494,2773956,6496,5000403,4009211,6498,305000,6498,21,6499,56,6593,1555200,6494,1555200,6495,1555200,6495,1555200,6496,1958400,6497,1958400,6497,1958400,6498,1958400,6493,90,6494,60,6495,70,6496,90,6496,50,6497,44,6498,36,6498,44,
6598,3,6595,2788340,6598,2865151,1873959,6600,180000,6600,21,6600,31,6694,1555200,6595,1555200,6596,1555200,6596,1555200,6597,1958400,6598,1958400,6598,1958400,6599,1958400,6594,25,6595,0,6596,10,6597,100,6598,10,6598,0,6599,100,6600,0,
6698,3,6695,2788640,6697,3109558,2118366,6700,180000,6700,0,6700,34,6794,1555200,6695,1555200,6696,1555200,6696,1555200,6697,1958400,6698,1958400,6698,1958400,6699,1958400,6694,40,6696,44,6696,40,6697,100,6697,22,6698,0,6699,10,6699,0,
6804,3,6796,2788248,6803,1699282,708090,6808,180000,6808,0,6809,26,6895,1555200,6797,1555200,6798,1555200,6800,1555200,6801,633600,6803,633600,6805,633600,6806,633600,6795,62,6798,33,6799,25,6801,100,6803,9,6804,18,6806,0,6807,0,
6908,3,6897,2783544,6906,1666340,675148,6914,180000,6915,0,6916,30,6995,1555200,6898,1555200,6900,1555200,6902,1555200,6904,633600,6907,633600,6909,633600,6911,633600,6896,55,6899,33,6901,40,6904,100,6906,0,6908,9,6911,0,6913,0,
7005,3,6997,2783752,7004,1508598,517406,7008,180000,7009,0,7010,28,7096,1555200,6998,1555200,7000,1555200,7001,1555200,7003,633600,7004,633600,7006,633600,7007,633600,6997,60,6999,81,7001,25,7002,40,7004,9,7005,0,7007,0,7008,0,
7106,3,7098,2783752,7105,1154385,163193,7110,180000,7111,0,7112,21,7196,1555200,7098,1555200,7100,1555200,7102,1555200,7103,633600,7105,633600,7107,633600,7108,633600,7097,30,7100,100,7101,20,7103,11,7105,0,7106,0,7108,0,7110,0,
7209,3,7198,2787220,7206,1679623,688431,7214,180000,7214,0,7215,35,7297,1555200,7199,1555200,7201,1555200,7202,1555200,7204,1248000,7207,1248000,7209,1248000,7212,1248000,7198,50,7200,66,7202,22,7204,58,7206,55,7209,0,7212,0,7213,0,
7308,3,7299,2789312,7306,2077509,1086317,7312,180000,7313,0,7314,29,7397,1555200,7299,1555200,7301,1555200,7303,1555200,7305,1728000,7307,1728000,7308,1728000,7310,1728000,7298,70,7301,50,7303,40,7304,33,7306,81,7308,0,7310,0,7312,0,
7412,3,7400,2793060,7409,1614566,623374,7414,305000,7414,54,7415,33,7497,1555200,7400,1555200,7403,1555200,7405,1555200,7407,1958400,7410,1958400,7412,1958400,7414,1958400,7399,55,7402,50,7404,25,7407,36,7409,40,7412,60,7413,0,7414,0,
7512,3,7500,2796596,7510,3555760,2564568,7514,180000,7515,54,7515,41,7598,1555200,7501,1555200,7503,1555200,7506,1555200,7508,1958400,7510,1958400,7512,1958400,7514,1958400,7499,70,7503,50,7505,40,7507,44,7510,22,7512,58,7513,30,7514,0,
7609,3,7599,2798224,7606,3930768,2939576,7613,180000,7613,0,7614,54,7698,1555200,7599,1555200,7600,1555200,7601,1555200,7602,1958400,7606,1958400,7609,1958400,7612,1958400,7598,80,7600,77,7601,62,7602,50,7605,50,7608,37,7611,60,7613,9,
7706,3,7699,2793900,7703,4030953,3039761,7709,180000,7710,0,7711,50,7798,1555200,7699,1555200,7700,1555200,7700,1555200,7702,1958400,7703,1958400,7706,1958400,7707,1958400,7699,85,7700,70,7700,66,7702,66,7703,80,7705,22,7707,11,7709,20,
7811,3,7801,2795792,7809,2870660,1879468,7814,180000,7814,0,7815,32,7899,1555200,7801,1555200,7803,1555200,7805,1555200,7807,1958400,7809,1958400,7811,1958400,7813,1958400,7800,60,7802,33,7804,44,7807,37,7809,100,7811,8,7813,0,7814,0,
7909,3,7901,2797336,7907,2429139,1437947,7912,180000,7913,0,7913,33,7999,1555200,7901,1555200,7903,1555200,7904,1555200,7906,1958400,7908,1958400,7909,1958400,7911,1958400,7900,70,7902,42,7904,37,7906,30,7907,100,7909,0,7910,0,7912,0,
8014,3,8003,2795004,8013,1625000,633808,8016,180000,8016,0,8017,23,8100,1555200,8004,1555200,8006,1555200,8009,1555200,8012,1958400,8014,1958400,8014,1958400,8015,1958400,8002,33,8005,30,8008,11,8011,18,8013,91,8014,0,8015,0,8016,0,
8104,3,8101,2795996,8104,697564,0,8106,180000,8106,0,8106,13,8201,1248000,8101,1555200,8102,1555200,8103,1555200,8103,1824000,8104,1824000,8105,1824000,8105,1824000,8101,30,8102,0,8103,18,8103,10,8104,30,8104,11,8105,10,8106,0,
8211,3,8203,2795996,8209,242072,0,8214,180000,8215,0,8216,3,8302,1248000,8204,1248000,8205,1248000,8207,1248000,8208,864000,8210,864000,8211,864000,8213,864000,8202,0,8205,9,8206,0,8208,0,8209,0,8211,10,8212,0,8214,0,
8311,3,8304,2791556,8310,233870,0,8314,180000,8315,0,8316,6,8402,1248000,8305,1248000,8306,1248000,8307,1248000,8309,864000,8310,864000,8312,864000,8313,864000,8303,20,8306,9,8307,0,8308,0,8310,22,8311,9,8313,0,8314,0,
8413,3,8405,2791360,8411,155260,0,8416,180000,8416,0,8417,7,8503,1248000,8405,1248000,8407,1248000,8408,1248000,8410,864000,8411,864000,8413,864000,8414,864000,8404,11,8407,0,8408,0,8409,0,8411,27,8412,0,8414,10,8415,0,
8513,3,8505,2791044,8511,193218,0,8516,180000,8516,0,8517,7,8604,1248000,8506,1248000,8507,1248000,8509,1248000,8510,864000,8511,864000,8513,864000,8515,864000,8504,18,8507,0,8508,0,8510,9,8511,11,8513,10,8514,10,8516,0,
8616,3,8606,2791112,8614,322663,0,8620,180000,8620,0,8622,10,8705,1248000,8607,1248000,8609,1248000,8610,1248000,8612,633600,8614,633600,8616,633600,8618,633600,8605,30,8608,10,8610,10,8612,0,8614,10,8616,18,8618,10,8619,0,
8717,3,8708,2791448,8715,180391,0,8721,180000,8721,0,8723,8,8805,1555200,8708,1248000,8710,1248000,8712,1248000,8714,633600,8715,633600,8717,633600,8719,633600,8707,20,8710,0,8711,0,8713,0,8715,18,8717,10,8719,0,8720,0,
8810,3,8807,2789932,8810,325847,0,8812,180000,8812,0,8812,17,8906,1248000,8807,1555200,8808,1555200,8808,1555200,8809,1958400,8810,1958400,8810,1958400,8811,1958400,8806,33,8808,0,8808,10,8809,0,8809,0,8810,90,8811,11,8812,0,
8912,3,8907,2789540,8911,1613259,622067,8914,180000,8914,0,8915,14,9006,1248000,8908,1248000,8908,1248000,8909,1248000,8910,1440000,8911,1440000,8912,1440000,8913,1440000,8907,33,8908,27,8909,25,8910,11,8911,10,8912,0,8912,0,8913,0,
9014,3,9008,2789540,9013,531532,0,9017,180000,9018,0,9019,16,9107,1248000,9008,1248000,9010,1248000,9011,1248000,9012,960000,9013,960000,9015,960000,9016,960000,9007,50,9009,20,9011,20,9012,10,9013,10,9014,0,9016,0,9017,0,
9118,3,9109,2789344,9116,421480,0,9121,180000,9122,0,9123,9,9207,1248000,9110,1248000,9111,1248000,9113,1248000,9115,633600,9117,633600,9118,633600,9120,633600,9109,37,9111,20,9113,12,9114,12,9116,10,9118,0,9119,0,9121,0,
9221,3,9210,2789344,9219,346675,0,9225,180000,9225,0,9227,11,9308,1555200,9211,1248000,9213,1248000,9215,1248000,9217,633600,9219,633600,9221,633600,9223,633600,9209,30,9212,27,9214,0,9216,9,9218,10,9220,0,9222,0,9224,0,
9320,3,9310,2789860,9318,872021,0,9324,180000,9325,0,9326,16,9408,1248000,9311,1478400,9313,1478400,9314,1478400,9316,1248000,9319,1248000,9321,1248000,9322,1248000,9309,33,9312,36,9314,40,9316,0,9318,27,9320,0,9322,0,9324,0,
9424,3,9411,2791324,9421,1459786,468594,9429,180000,9429,0,9431,21,9509,1248000,9412,1248000,9414,1248000,9416,1248000,9419,1958400,9421,1958400,9424,1958400,9426,1958400,9410,40,9414,10,9416,30,9418,0,9421,100,9423,0,9426,0,9428,0,
9529,3,9514,2792416,9526,1469760,478568,9536,180000,9537,0,9539,23,9610,1555200,9514,1248000,9517,1248000,9520,1248000,9524,1958400,9527,1958400,9530,1958400,9533,1958400,9511,40,9516,22,9520,20,9523,0,9526,100,9529,0,9532,0,9535,0,
9623,3,9613,2794152,9622,1820856,829664,9624,180000,9625,0,9625,26,9710,1555200,9614,1555200,9617,1555200,9619,1555200,9621,1958400,9622,1958400,9623,1958400,9624,1958400,9611,55,9616,11,9618,22,9620,18,9622,100,9623,0,9624,0,9624,0,
9716,3,9712,2795120,9715,704734,0,9718,180000,9718,0,9718,12,9811,1248000,9712,1555200,9713,1555200,9714,1555200,9715,1824000,9715,1824000,9716,1824000,9717,1824000,9711,40,9713,10,9714,9,9714,0,9715,30,9716,12,9717,11,9717,0,
9820,3,9813,2795380,9819,265838,0,9823,180000,9824,0,9825,4,9911,1248000,9814,1248000,9815,1248000,9816,1248000,9818,960000,9819,960000,9821,960000,9822,960000,9812,10,9815,0,9816,0,9817,0,9819,0,9820,18,9822,0,9823,10,
9921,3,9914,2790480,9920,241539,0,9924,180000,9925,0,9926,8,10012,1248000,9914,1248000,9916,1248000,9917,1248000,9918,864000,9920,864000,9921,864000,9923,864000,9913,20,9915,10,9917,0,9918,0,9920,0,9921,20,9922,20,9924,0,
10022,3,10014,2790596,10021,246374,0,10025,180000,10026,0,10027,6,10113,1248000,10015,1248000,10016,1248000,10018,1248000,10019,864000,10021,864000,10022,864000,10024,864000,10014,22,10016,0,10017,0,10019,0,10020,9,10022,11,10024,0,10025,10,
10123,3,10115,2790844,10121,113425,0,10126,180000,10127,0,10128,6,10214,1248000,10116,1248000,10117,1248000,10119,1248000,10120,864000,10122,864000,10123,864000,10125,864000,10114,11,10117,0,10118,0,10120,0,10121,0,10123,18,10125,0,10126,10,
10224,3,10216,2790648,10223,208510,0,10227,180000,10228,0,10229,7,10314,1248000,10217,1248000,10218,1248000,10220,1248000,10221,864000,10223,864000,10224,864000,10226,864000,10215,20,10218,0,10219,0,10221,0,10222,11,10224,18,10225,10,10227,0,
10334,3,10319,2790892,10330,172844,0,10342,180000,10344,0,10347,10,10415,1248000,10320,1248000,10323,1248000,10325,1248000,10328,633600,10331,633600,10335,864000,10337,864000,10316,10,10322,9,10325,0,10327,0,10329,0,10334,20,10337,9,10341,20,
10424,3,10417,2789232,10422,517177,0,10427,180000,10427,0,10428,17,10515,1248000,10417,1248000,10419,1248000,10420,1248000,10421,864000,10423,864000,10424,864000,10425,864000,10416,22,10418,0,10420,20,10421,20,10422,33,10424,22,10425,30,10426,11,
10526,3,10517,2788980,10525,292979,0,10530,180000,10531,0,10532,8,10616,1555200,10518,1248000,10520,1248000,10521,1248000,10523,633600,10525,633600,10527,633600,10528,633600,10517,20,10519,0,10521,0,10523,0,10524,10,10526,9,10528,10,10530,0,
10624,3,10618,2789028,10622,768813,0,10626,180000,10627,0,10628,14,10717,1248000,10618,1555200,10619,1555200,10620,1555200,10621,960000,10623,960000,10624,960000,10625,960000,10617,60,10619,27,10620,11,10621,0,10622,10,10624,10,10625,18,10626,0,
10725,3,10719,2784748,10724,341280,0,10728,180000,10729,0,10729,8,10817,1248000,10719,1248000,10721,1248000,10722,1248000,10723,960000,10724,960000,10726,960000,10727,960000,10718,30,10720,11,10722,9,10723,0,10724,0,10725,0,10727,22,10728,0,
10827,3,10818,2784748,10825,371450,0,10830,180000,10831,0,10832,8,10917,1248000,10818,1248000,10820,1248000,10822,1248000,10823,633600,10825,633600,10827,633600,10829,633600,10818,40,10819,10,10821,0,10823,10,10825,0,10827,0,10828,10,10830,0,
10933,3,10920,2784356,10930,416493,0,10938,180000,10939,0,10940,14,11018,1248000,10921,1248000,10923,1248000,10926,1248000,10929,633600,10931,633600,10934,633600,10936,633600,10918,28,10922,40,10925,12,10928,0,10930,0,10933,0,10935,9,10938,0,
11034,3,11021,2784604,11032,554376,0,11038,180000,11039,0,11040,13,11118,1248000,11022,1248000,11024,1248000,11027,1248000,11029,633600,11032,633600,11034,633600,11036,633600,11020,40,11024,11,11026,22,11029,35,11031,0,11034,0,11036,0,11038,0,
11132,3,11121,2784408,11130,403947,0,11137,180000,11137,0,11139,11,11219,1248000,11121,1248000,11123,1248000,11125,1248000,11128,633600,11130,633600,11132,633600,11134,633600,11120,30,11123,20,11125,20,11127,11,11129,0,11132,0,11134,0,11136,0,
11233,3,11221,2784656,11231,491298,0,11238,180000,11238,0,11240,11,11320,960000,11222,1248000,11224,1248000,11226,1248000,11229,633600,11231,633600,11233,633600,11235,633600,11220,36,11224,18,11226,41,11228,0,11230,10,11233,0,11235,0,11237,0,
11339,3,11324,2784492,11336,190425,0,11345,180000,11346,0,11348,9,11420,768000,11325,960000,11328,960000,11330,960000,11333,633600,11337,633600,11340,633600,11342,633600,11322,33,11327,0,11330,25,11333,0,11336,0,11339,0,11342,0,11345,0,
11439,3,11424,2784296,11437,230833,0,11448,180000,11449,0,11452,13,11520,1555200,11425,768000,11428,768000,11431,768000,11434,633600,11437,633600,11440,633600,11446,633600,11423,40,11427,11,11430,36,11434,12,11436,0,11439,0,11445,0,11448,0,
11531,3,11523,2791300,11530,1233256,242064,11536,180000,11536,0,11538,22,11621,1555200,11523,1555200,11525,1555200,11526,1555200,11528,633600,11530,633600,11532,633600,11534,633600,11522,90,11524,27,11526,33,11528,22,11529,0,11531,0,11534,0,11535,0,
11630,3,11623,2795396,11629,1161555,170363,11634,180000,11635,0,11636,16,11721,1555200,11623,1555200,11625,1555200,11626,1555200,11628,633600,11629,633600,11631,633600,11632,633600,11622,100,11624,20,11626,22,11627,20,11629,0,11630,0,11632,0,11634,0,
11731,3,11723,2790384,11729,1097024,105832,11734,180000,11734,0,11736,21,11822,1555200,11723,1555200,11725,1555200,11726,1555200,11728,633600,11730,633600,11731,633600,11733,633600,11722,100,11725,10,11726,18,11728,25,11729,0,11731,0,11732,0,11734,0,
11833,3,11824,2781472,11831,372844,0,11836,180000,11837,0,11838,6,11923,1248000,11824,1555200,11826,1555200,11828,1555200,11830,633600,11831,633600,11833,633600,11835,633600,11823,30,11826,0,11827,22,11829,0,11831,0,11833,0,11835,0,11836,0,
11935,3,11925,2781080,11933,359064,0,11940,180000,11940,0,11942,7,12023,1248000,11926,1248000,11928,1248000,11930,1248000,11931,633600,11934,633600,11936,633600,11938,633600,11924,25,11927,9,11929,20,11931,18,11933,0,11935,0,11937,0,11939,0,
12037,3,12026,2781328,12035,344103,0,12041,180000,12042,0,12043,10,12124,864000,12027,1248000,12029,1248000,12031,1248000,12033,633600,12035,633600,12037,633600,12039,633600,12025,36,12029,11,12031,22,12033,0,12035,0,12037,0,12039,0,12041,0,
12139,3,12127,2781380,12137,195229,0,12144,180000,12145,0,12147,10,12224,960000,12128,864000,12130,864000,12133,864000,12135,633600,12137,633600,12140,633600,12142,633600,12126,40,12129,10,12132,20,12134,0,12137,0,12139,0,12141,0,12144,0,
12240,3,12227,2781628,12237,256089,0,12246,180000,12247,0,12249,10,12325,768000,12228,960000,12230,960000,12232,960000,12235,633600,12238,633600,12240,633600,12243,633600,12226,36,12229,12,12232,30,12234,0,12237,0,12240,0,12242,0,12245,0,
12343,3,12329,2781432,12340,303114,0,12349,180000,12350,0,12352,13,12426,672000,12329,768000,12332,768000,12335,768000,12338,633600,12341,633600,12344,633600,12347,633600,12327,50,12331,20,12334,33,12337,27,12340,0,12343,0,12346,0,12349,0,
12447,3,12430,2781680,12444,204494,0,12453,180000,12454,0,12456,13,12526,768000,12430,672000,12434,672000,12439,672000,12442,633600,12445,633600,12448,633600,12451,633600,12428,22,12433,45,12438,10,12441,30,12444,0,12447,0,12450,0,12453,0,
12546,3,12530,2782036,12543,321767,0,12552,180000,12553,0,12554,20,12627,1344000,12531,768000,12534,768000,12537,768000,12540,633600,12543,633600,12546,633600,12550,633600,12529,40,12533,20,12536,33,12539,45,12542,0,12545,0,12549,0,12551,0,
12639,3,12629,2780704,12637,1319857,328665,12644,180000,12644,0,12645,30,12727,1555200,12629,1344000,12631,1344000,12634,1555200,12635,633600,12637,633600,12639,633600,12641,633600,12628,87,12631,44,12633,30,12635,55,12637,11,12639,0,12641,0,12643,0,
12741,3,12730,2781016,12739,853241,0,12747,180000,12747,0,12749,10,12828,1555200,12731,1555200,12733,1555200,12735,1555200,12737,633600,12740,633600,12742,633600,12745,633600,12729,66,12732,11,12735,30,12737,12,12739,0,12741,0,12744,0,12746,0,
12841,3,12830,2781016,12838,509076,0,12846,180000,12847,0,12848,14,12928,1555200,12831,1555200,12832,1555200,12834,1555200,12837,633600,12839,633600,12841,633600,12844,633600,12829,40,12832,11,12834,20,12836,0,12838,0,12841,0,12844,0,12845,0,
12939,3,12931,2781264,12938,768639,0,12943,180000,12944,0,12945,10,13029,1555200,12931,1555200,12934,1555200,12935,1555200,12937,633600,12938,633600,12940,633600,12941,633600,12930,44,12933,30,12935,11,12936,20,12938,9,12939,0,12941,0,12942,0,
13041,3,13031,2781560,13039,466056,0,13046,180000,13046,0,13048,8,13129,1555200,13031,1555200,13033,1555200,13035,1555200,13037,633600,13040,633600,13042,633600,13044,633600,13030,27,13033,18,13035,10,13036,10,13039,0,13041,0,13044,0,13045,0,
13144,3,13131,2781560,13141,602287,0,13150,180000,13150,0,13151,9,13230,1555200,13132,1555200,13134,1555200,13136,1555200,13138,633600,13141,633600,13144,633600,13148,633600,13130,44,13133,20,13136,20,13138,0,13140,0,13143,0,13148,0,13149,0,
13242,3,13232,2779888,13240,779788,0,13247,180000,13248,0,13249,15,13330,1248000,13233,1555200,13235,1555200,13237,1555200,13238,768000,13241,768000,13243,768000,13245,633600,13231,33,13234,20,13236,36,13238,10,13240,30,13242,0,13245,0,13247,0,
13342,3,13332,2779924,13340,319168,0,13346,180000,13347,0,13348,8,13431,960000,13333,1248000,13335,1248000,13337,1248000,13339,633600,13341,633600,13343,633600,13344,633600,13331,22,13334,20,13336,22,13338,0,13340,0,13342,0,13344,0,13346,0,
13446,3,13434,2779976,13444,229824,0,13451,180000,13452,0,13453,9,13531,1248000,13434,960000,13437,960000,13439,960000,13442,633600,13444,633600,13447,633600,13449,633600,13433,40,13436,0,13438,20,13441,10,13443,0,13446,0,13448,0,13451,0,
13546,3,13535,2780064,13544,339116,0,13550,180000,13551,0,13552,7,13632,1248000,13535,1248000,13538,1248000,13540,1248000,13542,633600,13545,633600,13547,633600,13549,633600,13533,22,13537,10,13539,36,13542,0,13544,0,13546,0,13548,0,13550,0,
13645,3,13634,2780312,13642,379012,0,13649,180000,13649,0,13651,9,13732,1248000,13635,1248000,13637,1248000,13639,1248000,13641,633600,13643,633600,13645,633600,13647,633600,13633,25,13636,0,13638,33,13640,18,13642,0,13644,0,13646,0,13648,0,
13745,3,13735,2780312,13743,413921,0,13750,180000,13751,0,13752,11,13833,960000,13735,1248000,13737,1248000,13739,1248000,13741,633600,13743,633600,13745,633600,13748,633600,13734,41,13737,20,13739,22,13741,0,13743,0,13745,0,13747,0,13749,0,
13848,3,13836,2780364,13846,157593,0,13853,180000,13854,0,13856,7,13934,960000,13837,960000,13839,960000,13841,960000,13844,633600,13846,633600,13849,633600,13851,633600,13835,12,13839,0,13841,27,13843,9,13846,0,13848,0,13851,0,13853,0,
13949,3,13937,2780612,13946,298771,0,13953,180000,13954,0,13955,11,14034,1248000,13937,960000,13940,960000,13942,960000,13944,633600,13947,633600,13949,633600,13951,633600,13936,40,13939,40,13942,0,13944,11,13946,0,13949,0,13951,0,13953,0,
14048,3,14037,2780664,14045,463791,0,14051,180000,14052,0,14053,8,14135,1248000,14037,1248000,14039,1248000,14041,1248000,14043,633600,14046,633600,14048,633600,14050,633600,14036,44,14039,20,14041,20,14043,9,14045,0,14047,0,14049,0,14051,0,
14148,3,14137,2780664,14145,359064,0,14152,180000,14153,0,14154,11,14235,1248000,14138,1248000,14140,1248000,14142,1248000,14144,633600,14146,633600,14148,633600,14150,633600,14136,30,14139,11,14141,20,14143,11,14145,0,14147,0,14150,0,14151,0,
14248,3,14238,2780716,14246,453817,0,14252,180000,14253,0,14254,10,14336,960000,14238,1248000,14240,1248000,14242,1248000,14244,633600,14247,633600,14248,633600,14250,633600,14237,33,14240,20,14242,18,14244,20,14246,0,14248,0,14250,0,14252,0,
14351,3,14339,2780964,14349,275788,0,14356,180000,14357,0,14359,8,14437,960000,14340,960000,14342,960000,14344,960000,14347,633600,14349,633600,14352,633600,14354,633600,14338,36,14341,10,14344,11,14346,27,14348,0,14351,0,14354,0,14356,0,
14453,3,14440,2780964,14449,219974,0,14459,180000,14460,0,14461,11,14537,1248000,14440,960000,14443,960000,14445,960000,14447,633600,14450,633600,14454,633600,14457,633600,14438,25,14442,10,14444,10,14447,22,14449,0,14453,0,14456,0,14458,0,
14549,3,14540,2781000,14547,573505,0,14553,180000,14554,0,14555,12,14638,864000,14541,1248000,14542,1248000,14544,1248000,14546,633600,14548,633600,14550,633600,14551,633600,14539,33,14542,22,14544,20,14546,40,14547,0,14549,0,14551,0,14553,0,
14654,3,14641,2781000,14651,158972,0,14661,180000,14661,0,14663,13,14738,960000,14641,864000,14644,864000,14647,864000,14649,633600,14652,633600,14654,633600,14658,633600,14639,46,14643,11,14646,0,14648,0,14651,0,14654,0,14657,0,14660,0,
14754,3,14741,2781264,14751,357868,0,14760,180000,14760,0,14762,8,14839,960000,14742,960000,14744,960000,14747,960000,14749,633600,14752,633600,14754,633600,14757,633600,14740,33,14744,40,14746,18,14749,18,14751,0,14754,0,14756,0,14759,0,
14855,3,14842,2781316,14852,265939,0,14860,180000,14861,0,14863,11,14939,864000,14843,960000,14845,960000,14847,960000,14850,633600,14853,633600,14855,633600,14858,633600,14841,33,14844,30,14847,0,14849,18,14852,0,14855,0,14857,0,14860,0,
14961,3,14944,2781368,14958,198018,0,14969,180000,14971,0,14973,11,15040,768000,14945,864000,14948,864000,14952,864000,14954,633600,14959,633600,14962,633600,14967,633600,14941,20,14947,41,14951,10,14954,0,14957,0,14961,0,14965,0,14969,0,
15059,3,15044,2781640,15056,249486,0,15065,180000,15066,0,15068,13,15141,600000,15044,768000,15047,768000,15050,768000,15053,633600,15056,633600,15059,633600,15062,633600,15042,55,15047,0,15050,25,15052,27,15055,0,15058,0,15061,0,15064,0,
15162,3,15145,2781444,15159,136079,0,15169,180000,15170,0,15172,9,15241,960000,15146,600000,15149,600000,15153,600000,15156,633600,15160,633600,15163,633600,15166,633600,15144,33,15148,40,15152,0,15155,11,15159,0,15162,0,15165,0,15168,0,
15257,3,15245,2781680,15255,279072,0,15263,180000,15263,0,15265,9,15342,768000,15245,960000,15248,960000,15250,960000,15253,633600,15255,633600,15258,633600,15260,633600,15243,45,15247,40,15250,0,15252,0,15255,0,15257,0,15260,0,15262,0,
15366,3,15348,2781732,15363,151557,0,15373,180000,15374,0,15375,9,15442,864000,15348,768000,15351,768000,15356,768000,15359,633600,15364,633600,15367,633600,15371,633600,15344,33,15351,22,15355,10,15358,0,15362,0,15366,0,15370,0,15373,0,
15461,3,15446,2781732,15456,253798,0,15466,180000,15467,0,15468,9,15543,768000,15446,864000,15449,864000,15451,864000,15454,633600,15457,633600,15461,633600,15464,633600,15444,50,15448,11,15451,0,15453,30,15456,0,15460,0,15463,0,15466,0,
15562,3,15547,2781860,15558,240159,0,15568,180000,15568,0,15570,13,15644,1555200,15548,768000,15551,768000,15553,768000,15556,633600,15559,633600,15562,633600,15565,633600,15546,40,15550,10,15553,20,15555,33,15558,0,15561,0,15564,0,15567,0,
15656,3,15646,2782720,15654,1175895,184703,15661,180000,15662,0,15663,25,15744,1555200,15646,1555200,15648,1555200,15650,1555200,15652,1248000,15654,1248000,15657,1248000,15659,1248000,15645,75,15648,12,15650,22,15652,55,15654,0,15656,0,15658,0,15660,30,
15761,3,15748,2782696,15759,985056,0,15765,180000,15765,0,15766,19,15845,1555200,15748,1555200,15751,1555200,15753,1555200,15756,1632000,15759,1632000,15762,1632000,15764,1632000,15746,45,15750,30,15752,12,15755,10,15758,18,15761,0,15764,25,15765,27,
15857,3,15847,2782696,15855,765989,0,15861,180000,15861,0,15863,7,15945,1248000,15848,1555200,15850,1555200,15851,1555200,15853,633600,15855,633600,15857,633600,15859,633600,15846,37,15849,0,15851,0,15853,11,15855,10,15857,0,15858,0,15860,0,
15971,3,15950,2780344,15965,468519,0,15979,180000,15980,0,15982,17,16046,1555200,15951,1248000,15954,1248000,15958,1248000,15963,864000,15967,864000,15972,864000,15976,864000,15947,40,15953,11,15958,18,15961,16,15965,16,15971,27,15975,0,15978,0,
16066,3,16050,2780344,16063,734910,0,16072,180000,16073,0,16075,12,16147,1248000,16051,1248000,16054,1248000,16057,1248000,16060,633600,16064,633600,16067,633600,16070,633600,16048,60,16053,10,16056,18,16059,18,16063,0,16066,0,16069,0,16072,0,
16166,3,16151,2780396,16163,468778,0,16172,180000,16173,0,16175,11,16247,1555200,16151,1248000,16154,1248000,16157,1248000,16160,633600,16163,633600,16166,633600,16169,633600,16149,40,16154,33,16156,10,16159,11,16162,0,16165,0,16168,0,16171,0,
16265,3,16251,2780404,16263,466056,0,16269,180000,16270,0,16271,5,16348,1248000,16252,1555200,16255,1555200,16257,1555200,16260,633600,16264,633600,16266,633600,16268,633600,16250,25,16254,40,16257,0,16260,0,16263,0,16265,0,16267,0,16269,0,
16360,3,16350,2780404,16358,349090,0,16365,180000,16365,0,16367,11,16448,1248000,16351,1248000,16353,1248000,16355,1248000,16357,633600,16359,633600,16361,633600,16363,633600,16349,40,16352,20,16354,0,16356,10,16358,0,16360,0,16362,0,16364,0,
16461,3,16451,2780652,16459,528622,0,16466,180000,16466,0,16468,12,16549,1248000,16452,1248000,16454,1248000,16455,1248000,16457,633600,16460,633600,16462,633600,16464,633600,16450,38,16453,30,16455,27,16457,11,16459,0,16461,0,16463,0,16465,0,
16560,3,16551,2780888,16558,274285,0,16564,180000,16564,0,16565,8,16650,1248000,16552,1248000,16553,1248000,16555,1248000,16557,633600,16559,633600,16560,633600,16562,633600,16550,33,16553,0,16555,11,16556,11,16558,0,16560,0,16562,0,16563,0,
16662,3,16652,2780888,16661,433869,0,16667,180000,16667,0,16668,8,16751,1248000,16653,1248000,16655,1248000,16657,1248000,16659,633600,16661,633600,16663,633600,16665,633600,16651,40,16654,10,16656,10,16658,27,16660,0,16662,0,16664,0,16666,0,
16763,3,16753,2780888,16761,359064,0,16768,180000,16768,0,16769,8,16851,960000,16754,1248000,16756,1248000,16758,1248000,16760,633600,16762,633600,16764,633600,16766,633600,16752,25,16755,18,16757,18,16759,11,16761,0,16763,0,16765,0,16767,0,
16866,3,16854,2781136,16864,249523,0,16871,180000,16872,0,16874,12,16952,960000,16855,960000,16857,960000,16859,960000,16862,633600,16864,633600,16867,633600,16869,633600,16853,36,16857,20,16859,0,16861,20,16864,0,16866,0,16869,0,16871,0,
16968,3,16955,2781188,16965,338169,0,16973,180000,16973,0,16975,10,17053,864000,16956,960000,16958,960000,16961,960000,16963,633600,16966,633600,16968,633600,16970,633600,16954,44,16958,18,16960,11,16963,30,16965,0,16967,0,16970,0,16972,0,
17069,3,17056,2781188,17066,212844,0,17074,180000,17074,0,17076,8,17154,960000,17057,864000,17059,864000,17062,960000,17064,633600,17067,633600,17069,633600,17071,633600,17055,30,17059,11,17061,0,17064,30,17066,0,17068,0,17071,0,17073,0,
17170,3,17157,2781436,17167,321753,0,17175,180000,17175,0,17177,11,17205,1248000,17158,960000,17160,960000,17163,960000,17165,633600,17168,633600,17170,633600,17172,633600,17156,40,17160,20,17162,11,17164,27,17167,0,17169,0,17172,0,17174,0,
17218,3,17207,2781436,17216,413921,0,17222,180000,17222,0,17224,9,17305,864000,17208,1248000,17210,1248000,17212,1248000,17214,633600,17216,633600,17218,633600,17220,633600,17206,33,17209,0,17211,0,17214,50,17216,0,17218,0,17220,0,17221,0,
17322,3,17308,2781436,17319,228697,0,17327,180000,17328,0,17329,9,17406,960000,17309,864000,17311,864000,17314,864000,17317,633600,17319,633600,17322,633600,17325,633600,17307,30,17311,30,17313,11,17316,11,17319,0,17321,0,17324,0,17327,0,
17421,3,17409,2781488,17418,321753,0,17426,180000,17427,0,17428,14,17506,1555200,17409,960000,17412,960000,17414,960000,17416,633600,17419,633600,17421,633600,17424,633600,17408,33,17411,20,17413,36,17416,9,17418,0,17421,0,17423,0,17425,0,
17516,3,17508,2789704,17514,946452,0,17519,180000,17520,0,17521,16,17607,1248000,17508,1555200,17510,1555200,17511,1555200,17513,633600,17514,633600,17516,633600,17518,633600,17507,54,17509,22,17511,45,17512,11,17514,0,17516,0,17517,0,17519,0,
17625,3,17611,2789952,17621,224415,0,17631,180000,17631,0,17633,8,17707,1248000,17612,1248000,17614,1248000,17616,1248000,17619,633600,17622,633600,17625,633600,17628,633600,17609,25,17613,0,17615,20,17618,0,17621,0,17624,0,17628,0,17630,0,
17720,3,17710,2789952,17718,513661,0,17723,180000,17724,0,17725,12,17808,1248000,17710,1248000,17712,1248000,17714,1248000,17716,633600,17718,633600,17720,633600,17722,633600,17709,63,17712,18,17714,11,17716,11,17717,0,17719,0,17721,0,17723,0,
17821,3,17810,2790004,17819,319168,0,17825,180000,17826,0,17827,6,17908,1555200,17811,1248000,17813,1248000,17815,1248000,17817,633600,17819,633600,17821,633600,17823,633600,17809,20,17813,22,17815,22,17817,0,17819,0,17821,0,17823,0,17825,0,
17922,3,17911,2790004,17920,336353,0,17926,180000,17927,0,17928,7,18009,1248000,17911,1248000,17914,1248000,17916,1248000,17918,633600,17920,633600,17922,633600,17924,633600,17910,33,17913,0,17915,20,17918,0,17919,0,17921,0,17923,0,17926,0,
18026,3,18013,2790304,18024,388986,0,18030,180000,18031,0,18032,10,18109,1478400,18013,1248000,18015,1248000,18019,1248000,18021,633600,18024,633600,18027,633600,18029,633600,18011,36,18015,20,18018,22,18020,0,18024,0,18026,0,18028,0,18030,0,
18127,3,18113,2790304,18124,399396,0,18133,180000,18134,0,18135,10,18210,864000,18114,768000,18116,768000,18119,768000,18122,633600,18125,633600,18128,633600,18131,633600,18112,50,18116,20,18118,10,18121,0,18124,0,18127,0,18130,0,18132,0,
18231,3,18215,2789768,18228,240385,0,18237,180000,18238,0,18240,13,18311,672000,18215,672000,18218,672000,18222,672000,18225,633600,18228,633600,18232,633600,18235,633600,18212,30,18218,50,18221,10,18224,22,18227,0,18231,0,18235,0,18237,0,
18332,3,18315,2790068,18328,161030,0,18338,180000,18338,0,18340,8,18411,672000,18315,672000,18319,672000,18322,600000,18325,633600,18329,633600,18333,633600,18335,633600,18313,25,18318,33,18321,11,18325,18,18328,0,18332,0,18334,0,18337,0,
18431,3,18415,2790316,18428,168182,0,18437,180000,18438,0,18440,15,18512,768000,18416,672000,18419,672000,18422,768000,18425,633600,18428,633600,18431,633600,18434,633600,18414,25,18418,36,18421,27,18424,0,18427,0,18430,0,18434,0,18437,0,
18531,3,18516,2790604,18528,249486,0,18537,180000,18537,0,18539,9,18613,768000,18517,768000,18520,768000,18522,768000,18525,633600,18528,633600,18531,633600,18534,633600,18514,45,18519,22,18522,22,18525,18,18528,0,18531,0,18533,0,18536,0,
18645,3,18617,2790852,18637,193190,0,18652,180000,18655,0,18657,20,18713,1478400,18618,600000,18621,600000,18625,600000,18631,633600,18638,1248000,18645,1248000,18650,1248000,18615,37,18621,36,18624,10,18630,20,18636,0,18644,18,18649,0,18652,0,
18726,3,18716,2788996,18724,1111050,119858,18731,180000,18731,0,18733,11,18814,1555200,18717,1478400,18719,1478400,18721,1478400,18723,1248000,18725,1248000,18727,1248000,18729,1248000,18715,45,18718,44,18720,22,18722,44,18724,0,18726,0,18728,0,18730,0,
18835,3,18818,2788996,18831,346430,0,18841,180000,18842,0,18844,9,18914,1248000,18818,960000,18821,960000,18825,960000,18828,633600,18832,633600,18835,633600,18838,633600,18816,30,18821,0,18824,10,18827,30,18831,0,18834,0,18838,0,18841,0,
18933,3,18918,2789196,18930,438856,0,18940,180000,18941,0,18943,8,19015,1555200,18919,1248000,18922,1248000,18925,1248000,18928,633600,18931,633600,18934,633600,18937,633600,18917,37,18921,11,18924,10,18927,30,18930,0,18933,0,18936,0,18939,0,
19028,3,19017,2789196,19026,451715,0,19033,180000,19034,0,19035,11,19115,1248000,19018,1555200,19020,1555200,19022,1555200,19024,633600,19026,633600,19028,633600,19031,633600,19016,22,19019,0,19021,11,19023,30,19025,0,19028,0,19030,0,19032,0,
19135,3,19119,2789196,19132,468778,0,19141,180000,19141,0,19143,10,19216,1248000,19120,1248000,19123,1248000,19126,1248000,19129,633600,19132,633600,19135,633600,19138,633600,19118,36,19122,11,19125,27,19128,20,19131,0,19134,0,19137,0,19140,0,
19235,3,19220,2789248,19232,418908,0,19241,180000,19242,0,19244,10,19316,960000,19220,1248000,19223,1248000,19226,1248000,19229,633600,19233,633600,19236,633600,19239,633600,19218,44,19223,10,19226,0,19229,30,19232,0,19235,0,19238,0,19241,0,
19338,3,19320,2789496,19335,282355,0,19343,180000,19344,0,19345,10,19417,1248000,19321,960000,19324,960000,19328,960000,19331,633600,19335,633600,19338,633600,19341,633600,19319,30,19324,0,19327,20,19331,36,19334,0,19338,0,19340,0,19343,0,
19436,3,19421,2789300,19433,339116,0,19442,180000,19443,0,19444,10,19517,864000,19421,1248000,19424,1248000,19427,1248000,19430,633600,19433,633600,19437,633600,19439,633600,19419,33,19424,10,19426,0,19430,25,19433,0,19436,0,19438,0,19441,0,
19547,3,19524,2789492,19542,266747,0,19555,180000,19556,0,19559,9,19618,1555200,19525,864000,19530,1248000,19535,1248000,19538,633600,19543,633600,19547,633600,19552,633600,19522,22,19529,20,19533,10,19537,20,19542,0,19546,0,19550,0,19554,0,
19629,3,19620,2789492,19627,564213,0,19633,180000,19633,0,19634,5,19718,1555200,19621,1555200,19623,1555200,19624,1555200,19626,633600,19628,633600,19629,633600,19631,633600,19620,55,19622,0,19624,10,19625,11,19627,11,19629,0,19631,0,19632,0,
19727,3,19719,2789348,19726,799073,0,19731,180000,19731,0,19732,17,19818,1555200,19720,1555200,19721,1555200,19723,1555200,19724,633600,19726,633600,19728,633600,19729,633600,19719,77,19721,12,19722,20,19724,0,19726,10,19727,0,19729,0,19730,0,
19828,3,19820,2789648,19826,1132874,141682,19831,180000,19831,0,19833,17,19919,1248000,19820,1555200,19822,1555200,19824,1555200,19825,633600,19827,633600,19828,633600,19830,633600,19819,80,19822,20,19823,22,19825,36,19826,0,19828,0,19829,0,19831,0,
19938,3,19922,2789452,19934,294233,0,19942,180000,19943,0,19944,11,20020,960000,19922,1248000,19926,1248000,19930,1248000,19933,633600,19935,633600,19938,633600,19940,633600,19921,22,19925,27,19929,10,19933,0,19934,0,19937,0,19939,0,19942,0,
20034,3,20022,2789452,20031,213408,0,20039,180000,20039,0,20041,8,20121,960000,20023,960000,20025,960000,20027,960000,20029,633600,20032,633600,20034,633600,20037,633600,20021,44,20024,0,20027,11,20029,10,20031,0,20033,0,20036,0,20038,0,
20135,3,20123,2789700,20133,298771,0,20140,180000,20141,0,20143,7,20221,960000,20124,960000,20126,960000,20129,960000,20131,633600,20133,633600,20136,633600,20138,633600,20122,33,20126,11,20128,27,20130,20,20133,0,20135,0,20137,0,20140,0,
20240,3,20225,2790000,20237,177292,0,20246,180000,20246,0,20248,10,20322,1248000,20226,960000,20229,960000,20233,1248000,20235,633600,20238,633600,20240,633600,20242,633600,20223,22,20228,10,20232,22,20234,0,20236,0,20240,0,20242,0,20245,0,
20334,3,20324,2790000,20332,513661,0,20339,180000,20339,0,20341,9,20422,960000,20325,1248000,20327,1248000,20329,1248000,20331,633600,20333,633600,20335,633600,20337,633600,20323,63,20326,20,20328,11,20330,9,20332,0,20334,0,20336,0,20338,0,
20437,3,20425,2790248,20434,229823,0,20441,180000,20442,0,20444,11,20523,768000,20426,960000,20428,960000,20430,960000,20433,633600,20435,633600,20437,633600,20439,633600,20424,30,20428,0,20430,30,20432,10,20434,0,20437,0,20439,0,20441,0,
20546,3,20527,2790180,20543,246292,0,20554,180000,20555,0,20557,11,20623,960000,20529,768000,20533,864000,20537,864000,20539,633600,20543,633600,20546,633600,20551,633600,20525,28,20532,25,20536,33,20538,11,20542,0,20545,0,20550,0,20553,0,
20638,3,20627,2790180,20636,265939,0,20642,180000,20642,0,20643,15,20724,600000,20627,960000,20630,960000,20632,1248000,20634,633600,20636,633600,20638,633600,20640,633600,20625,69,20629,0,20631,12,20634,0,20636,0,20638,0,20639,0,20641,0,
20746,3,20728,2790208,20742,179820,0,20752,180000,20753,0,20754,13,20825,672000,20729,600000,20732,600000,20736,600000,20739,633600,20743,633600,20747,633600,20749,633600,20727,30,20732,27,20735,18,20738,36,20742,0,20745,0,20749,0,20751,0,
20847,3,20829,2790456,20843,177738,0,20855,180000,20856,0,20858,12,20925,768000,20830,672000,20834,672000,20837,672000,20840,633600,20844,633600,20847,633600,20851,633600,20828,33,20832,27,20836,11,20840,22,20843,0,20846,0,20850,0,20854,0,
20950,3,20929,2790508,20947,207516,0,20958,180000,20960,0,20961,7,21026,960000,20930,768000,20935,768000,20939,768000,20942,633600,20947,633600,20951,633600,20955,633600,20928,25,20934,44,20939,20,20942,0,20946,0,20949,0,20955,0,20957,0,
21042,3,21029,2790756,21039,308620,0,21047,180000,21048,0,21050,11,21126,960000,21030,960000,21032,960000,21035,960000,21037,633600,21040,633600,21042,633600,21045,633600,21028,44,21032,30,21034,0,21037,20,21039,0,21042,0,21044,0,21047,0,
21143,3,21130,2790756,21141,177292,0,21148,180000,21149,0,21150,11,21227,960000,21130,960000,21133,960000,21135,960000,21138,633600,21141,633600,21143,633600,21146,633600,21128,22,21132,22,21135,10,21138,0,21141,0,21143,0,21145,0,21147,0,
21243,3,21230,2791004,21240,328320,0,21248,180000,21249,0,21251,9,21327,1555200,21231,960000,21233,960000,21235,960000,21238,633600,21240,633600,21243,633600,21245,633600,21229,50,21232,30,21235,0,21237,20,21240,0,21242,0,21245,0,21247,0,
21337,3,21329,2788652,21336,1097024,105832,21341,180000,21341,0,21342,17,21428,1555200,21330,1555200,21331,1555200,21333,1555200,21334,633600,21336,633600,21337,633600,21339,633600,21329,50,21331,60,21332,10,21334,33,21335,0,21337,0,21339,0,21340,0,
21440,3,21430,2788456,21438,380014,0,21445,180000,21445,0,21447,9,21528,1555200,21431,1555200,21433,1555200,21435,1555200,21436,633600,21438,633600,21440,633600,21442,633600,21429,33,21432,0,21434,0,21436,20,21438,0,21440,0,21442,0,21444,0,
21539,3,21531,2788796,21538,533779,0,21544,180000,21544,0,21545,9,21629,1248000,21531,1555200,21533,1555200,21535,1555200,21536,633600,21538,633600,21540,633600,21541,633600,21530,40,21532,10,21534,11,21536,11,21537,10,21539,0,21541,0,21543,0,
21641,3,21631,2788864,21639,369038,0,21645,180000,21646,0,21648,10,21730,1248000,21631,1248000,21633,1248000,21635,1248000,21637,633600,21639,633600,21641,633600,21643,633600,21630,44,21633,10,21635,20,21637,0,21639,0,21641,0,21643,0,21644,0,
21742,3,21732,2788864,21740,393973,0,21746,180000,21747,0,21748,8,21830,960000,21733,1248000,21735,1248000,21736,1248000,21738,633600,21740,633600,21742,633600,21744,633600,21731,22,21734,30,21736,18,21738,9,21740,0,21742,0,21744,0,21746,0,
21845,3,21833,2788864,21843,233107,0,21850,180000,21851,0,21852,8,21931,960000,21834,960000,21836,960000,21839,960000,21841,633600,21843,633600,21846,633600,21848,633600,21832,22,21835,22,21838,27,21840,0,21843,0,21845,0,21847,0,21850,0,
21955,3,21936,2788864,21951,279072,0,21963,180000,21964,0,21966,12,22032,960000,21937,960000,21941,960000,21945,960000,21948,633600,21952,633600,21956,633600,21960,633600,21934,37,21940,16,21944,22,21947,10,21951,0,21955,0,21959,0,21962,0,
22056,3,22037,2789112,22052,289875,0,22062,180000,22063,0,22066,12,22133,768000,22038,960000,22041,960000,22045,864000,22049,633600,22053,633600,22056,633600,22059,633600,22035,33,22040,0,22044,40,22048,18,22052,0,22055,0,22059,0,22062,0,
22161,3,22138,2788916,22156,270471,0,22169,180000,22170,0,22173,15,22946,384000,22139,768000,22144,768000,22148,768000,22152,633600,22157,633600,22162,633600,22166,633600,22136,40,22143,20,22147,36,22151,20,22156,0,22160,0,22165,0,22168,0,
22972,3,22953,2792084,22970,280005,0,22977,180000,22978,0,22979,14,25751,1555200,22954,960000,22957,960000,22959,960000,22962,633600,22971,633600,22973,633600,22975,633600,22952,35,22956,24,22959,28,22962,24,22970,0,22972,0,22974,0,22977,0,
25764,3,25754,2783124,25762,704638,0,25766,180000,25766,0,25766,11,28423,1248000,25754,1555200,25756,1555200,25758,1555200,25760,1958400,25762,1958400,25764,1958400,25765,1958400,25753,55,25756,13,25758,12,25760,2,25762,11,25764,1,25765,0,25765,0,
28432,3,28426,2780644,28431,536131,0,28434,180000,28435,0,28436,9,30952,1248000,28427,1248000,28428,1248000,28429,1248000,28430,1824000,28431,1824000,28432,1824000,28433,1824000,28425,5,28428,5,28429,2,28430,3,28431,48,28432,0,28433,11,28434,0,
30965,3,30956,2779128,30963,186472,0,30968,180000,30969,0,30970,5,33261,460800,30957,1248000,30958,1248000,30960,1248000,30962,633600,30963,633600,30965,633600,30967,633600,30955,5,30958,4,30960,1,30961,0,30963,19,30965,1,30966,6,30968,0,
33272,3,33264,2779468,33270,31242,0,33280,180000,33281,0,33284,2,35370,1248000,33264,460800,33266,460800,33267,460800,33269,633600,33271,633600,33273,633600,33274,633600,33263,4,33265,6,33267,5,33269,2,33270,0,33272,0,33274,0,33280,0,
35380,3,35373,2779492,35378,140469,0,35382,180000,35383,0,35384,4,37136,384000,35373,1248000,35375,1248000,35376,1248000,35377,960000,35379,960000,35380,960000,35381,960000,35372,9,35374,2,35376,3,35377,1,35378,20,35380,0,35381,0,35382,0,
37166,3,37143,2779932,37162,7727,0,37174,180000,37175,0,37177,1,38751,384000,37144,384000,37150,384000,37155,600000,37158,633600,37162,633600,37166,633600,37170,633600,37140,3,37148,2,37154,0,37158,1,37161,1,37165,0,37169,0,37173,0,
38781,3,38759,2779888,38778,10450,0,38787,180000,38788,0,38790,1,40168,384000,38760,384000,38766,384000,38772,960000,38775,633600,38778,633600,38782,633600,38784,633600,38756,8,38764,3,38771,1,38775,0,38778,0,38781,0,38784,0,38787,0,
40198,3,40175,2780368,40195,16346,0,40204,180000,40205,0,40207,2,41327,1248000,40177,384000,40182,384000,40189,960000,40192,633600,40195,633600,40198,633600,40201,633600,40173,9,40181,5,40188,1,40191,1,40194,0,40198,0,40201,0,40203,0,
41338,3,41331,2781772,41338,469452,0,41340,180000,41340,0,41341,11,42334,1248000,41332,1248000,41334,1248000,41336,1248000,41337,1824000,41338,1824000,41339,1824000,41339,1824000,41330,22,41334,6,41336,1,41337,3,41338,33,41338,4,41339,22,41340,0,
42339,3,42335,2786232,42338,767594,0,42340,180000,42340,0,42341,11,43139,1248000,42335,1248000,42336,1248000,42337,1248000,42338,1824000,42338,1824000,42339,1824000,42340,1824000,42335,10,42336,7,42337,2,42337,5,42338,43,42339,2,42339,18,42340,0,
43150,3,43143,2786088,43148,478040,0,43153,180000,43153,0,43154,11,43743,1248000,43143,1248000,43144,1248000,43146,1248000,43147,864000,43149,864000,43150,864000,43151,864000,43141,9,43144,11,43145,7,43147,1,43148,54,43150,2,43151,0,43152,4,
43749,3,43745,2786268,43748,786697,0,43751,180000,43751,0,43752,11,44146,1248000,43745,1248000,43746,1248000,43747,1248000,43748,1958400,43749,1958400,43750,1958400,43750,1958400,43744,8,43746,5,43747,1,43748,0,43748,66,43749,3,43750,1,43751,3,
44163,3,44149,2783400,44162,565455,0,44165,180000,44165,0,44166,10,44347,1248000,44149,1248000,44152,1248000,44156,1248000,44159,1824000,44162,1824000,44163,1824000,44164,1824000,44147,10,44151,0,44155,0,44158,0,44161,47,44163,7,44164,5,44165,2,
44353,3,44348,2785156,44352,1466570,475378,44355,180000,44355,0,44356,19,44447,1555200,44349,1248000,44350,1248000,44350,1248000,44351,1958400,44352,1958400,44353,1958400,44354,1958400,44348,30,44349,10,44350,5,44351,10,44352,100,44353,10,44354,5,44355,5,
44454,3,44449,2786428,44453,1265681,274489,44456,180000,44456,0,44457,24,44548,1555200,44449,1555200,44450,1555200,44451,1555200,44452,1824000,44453,1824000,44454,1824000,44455,1824000,44448,10,44450,40,44451,18,44452,20,44453,45,44454,45,44455,10,44456,0,
44558,3,44550,2786460,44556,1140961,149769,44561,180000,44561,0,44562,16,44648,1248000,44551,1248000,44552,1248000,44554,1248000,44555,864000,44557,864000,44558,864000,44559,864000,44549,55,44552,20,44553,10,44555,10,44556,11,44557,0,44559,10,44560,10,
44658,3,44651,2786460,44656,405793,0,44661,180000,44661,0,44662,14,44749,1248000,44651,1248000,44652,1248000,44654,1248000,44655,864000,44657,864000,44658,864000,44660,864000,44649,50,44652,0,44654,0,44655,9,44656,20,44658,30,44659,10,44661,0,
44758,3,44751,2786460,44757,626144,0,44761,180000,44762,0,44763,19,44849,1248000,44752,1248000,44753,1248000,44755,1248000,44756,864000,44757,864000,44758,864000,44760,864000,44750,44,44753,27,44754,11,44755,10,44757,20,44758,18,44759,20,44761,10,
44859,3,44852,2786740,44857,635527,0,44862,180000,44862,0,44863,14,44950,1248000,44852,1248000,44853,1248000,44855,1248000,44856,864000,44857,864000,44859,864000,44860,864000,44850,55,44853,30,44854,10,44856,0,44857,10,44858,11,44860,10,44861,0,
44960,3,44953,2786740,44958,315861,0,44963,180000,44963,0,44964,10,45051,1248000,44953,1248000,44955,1248000,44956,1248000,44957,864000,44959,864000,44960,864000,44961,864000,44952,25,44954,11,44956,10,44957,0,44958,10,44960,11,44961,0,44962,11,
45061,3,45054,2786980,45060,211299,0,45065,180000,45065,0,45066,9,45151,1248000,45054,1248000,45056,1248000,45057,1248000,45059,864000,45060,864000,45062,864000,45063,864000,45052,20,45055,0,45057,0,45058,0,45060,18,45061,25,45063,9,45064,0,
45160,3,45154,2781688,45159,514940,0,45163,180000,45163,0,45164,14,45252,1248000,45154,1248000,45156,1248000,45157,1248000,45158,960000,45160,960000,45161,960000,45162,960000,45153,27,45155,30,45157,20,45158,0,45159,11,45160,0,45162,10,45163,0,
45258,3,45254,2782456,45257,1271047,279855,45259,180000,45260,0,45260,21,45352,1248000,45254,1248000,45255,1248000,45255,1248000,45256,1824000,45257,1824000,45258,1824000,45258,1824000,45252,30,45254,20,45255,0,45256,10,45257,100,45258,20,45258,0,45259,0,
45359,3,45355,2783004,45358,1463066,471874,45361,180000,45361,0,45362,20,45453,1248000,45355,1248000,45356,1248000,45357,1248000,45358,1958400,45359,1958400,45359,1958400,45360,1958400,45353,33,45356,10,45357,0,45358,0,45358,100,45359,11,45360,0,45361,10,
45461,3,45456,2784220,45460,1493053,501861,45464,180000,45464,0,45465,21,45553,1248000,45456,1248000,45457,1248000,45458,1248000,45459,1958400,45460,1958400,45462,1958400,45463,1958400,45454,33,45457,0,45458,9,45459,0,45460,100,45461,10,45462,10,45463,0,
45559,3,45555,2786684,45559,970055,0,45561,180000,45562,0,45562,22,45653,1248000,45555,1248000,45556,1248000,45557,1248000,45558,1824000,45559,1824000,45560,1824000,45561,1824000,45554,30,45556,0,45557,9,45558,0,45558,60,45559,10,45560,40,45561,20,
45660,3,45655,2787004,45658,1030468,39276,45663,180000,45663,0,45664,8,45754,1248000,45655,1248000,45656,1248000,45657,1248000,45657,1824000,45658,1824000,45660,1824000,45662,1248000,45654,45,45656,11,45657,0,45657,0,45658,10,45659,0,45661,0,45663,0,
45763,3,45756,2787004,45762,573505,0,45766,180000,45766,0,45767,18,45855,1248000,45756,1248000,45757,1248000,45759,1248000,45760,1248000,45762,1248000,45764,1248000,45765,1248000,45755,50,45757,30,45758,10,45760,0,45762,25,45763,18,45765,10,45766,0,
45866,3,45857,2787004,45864,339116,0,45868,180000,45869,0,45870,10,45955,1248000,45857,1248000,45859,1248000,45861,1248000,45862,1248000,45864,1248000,45866,1248000,45867,1248000,45856,22,45859,0,45860,0,45862,0,45864,18,45865,20,45867,10,45868,20,
45966,3,45958,2787004,45965,404704,0,45969,180000,45970,0,45971,7,46056,1248000,45959,1248000,45960,1248000,45962,1248000,45963,864000,45965,864000,45966,864000,45968,864000,45957,25,45960,0,45962,0,45963,0,45965,11,45966,10,45968,10,45969,0,
46067,3,46059,2787488,46065,305036,0,46070,180000,46070,0,46071,7,46157,1248000,46060,1248000,46061,1248000,46063,1248000,46064,864000,46066,864000,46067,864000,46069,864000,46057,27,46061,9,46062,0,46064,0,46065,25,46067,10,46068,0,46070,0,
46165,3,46159,2783280,46164,681187,0,46167,180000,46168,0,46169,20,46257,1555200,46159,1248000,46160,1248000,46161,1248000,46163,1248000,46164,1248000,46165,1248000,46166,1248000,46158,22,46160,40,46161,10,46162,9,46163,50,46165,0,46166,11,46167,0,
46264,3,46259,2784044,46263,1868603,877411,46266,180000,46267,0,46267,31,46357,1555200,46259,1555200,46260,1555200,46261,1555200,46262,1824000,46263,1824000,46264,1824000,46265,1824000,46258,22,46260,0,46261,100,46262,0,46263,100,46264,18,46265,10,46266,10,
46364,3,46359,2785036,46364,2693921,1702729,46366,180000,46366,17,46367,43,46458,1555200,46359,1555200,46360,1555200,46362,1555200,46363,1958400,46364,1958400,46365,1958400,46365,1958400,46358,50,46360,10,46361,100,46362,18,46363,100,46364,0,46365,20,46366,20,
46464,3,46460,2786364,46463,2421749,1430557,46466,180000,46466,17,46467,30,46558,1248000,46460,1555200,46461,1555200,46461,1555200,46462,1958400,46463,1958400,46464,1958400,46465,1958400,46458,45,46460,12,46461,50,46462,0,46463,100,46464,33,46465,20,46466,0,
46564,3,46560,2787136,46563,1533460,542268,46565,180000,46566,17,46566,25,46659,1248000,46561,1248000,46561,1248000,46562,1248000,46563,1824000,46563,1824000,46564,1824000,46565,1824000,46559,53,46561,30,46562,10,46563,0,46563,36,46564,20,46565,10,46565,44,
46666,3,46661,2787136,46665,1103625,112433,46668,180000,46668,17,46669,8,46761,1248000,46661,1248000,46662,1248000,46663,1248000,46664,1248000,46665,1248000,46666,1248000,46667,1248000,46660,20,46662,0,46663,9,46664,9,46665,10,46666,10,46667,10,46668,0,
46775,3,46766,2782628,46772,323990,0,46780,180000,46780,0,46781,7,46860,1248000,46766,1248000,46768,1248000,46770,1248000,46771,864000,46773,864000,46775,864000,46778,864000,46763,11,46768,0,46769,0,46771,0,46772,0,46774,10,46778,9,46779,9,
46867,3,46862,2783548,46866,1231528,240336,46868,180000,46869,0,46869,21,46961,1248000,46863,1248000,46864,1248000,46864,1248000,46865,1824000,46866,1824000,46867,1824000,46868,1824000,46861,33,46863,10,46864,0,46865,0,46866,100,46867,20,46867,12,46868,11,
46969,3,46964,2784592,46968,1397620,406428,46971,180000,46971,0,46972,18,47061,1248000,46964,1248000,46966,1248000,46967,1248000,46967,1824000,46968,1824000,46969,1824000,46970,1824000,46962,11,46965,0,46966,0,46967,0,46968,100,46969,0,46970,20,46971,0,
47068,3,47063,2785732,47067,1291365,300173,47070,180000,47070,0,47072,20,47162,1555200,47064,1248000,47065,1248000,47065,1248000,47066,1824000,47067,1824000,47068,1824000,47069,1824000,47062,33,47064,0,47065,0,47066,0,47067,100,47068,0,47069,10,47070,10,
47168,3,47164,2785036,47167,1525495,534303,47169,180000,47170,0,47170,26,47262,1344000,47164,1555200,47165,1555200,47165,1555200,47166,1958400,47167,1958400,47168,1958400,47168,1958400,47163,25,47165,40,47165,0,47166,18,47167,70,47167,40,47168,11,47169,20,
47268,3,47264,2785436,47267,1425051,433859,47269,180000,47269,0,47270,16,47363,1248000,47264,1344000,47265,1344000,47266,1344000,47267,1824000,47267,1824000,47268,1824000,47269,1824000,47263,33,47265,22,47266,20,47266,11,47267,20,47268,0,47268,25,47269,0,
47372,3,47367,2785436,47371,390775,0,47374,180000,47374,0,47375,4,47464,1248000,47367,1248000,47368,1248000,47369,1248000,47370,1344000,47371,1344000,47372,1344000,47373,1344000,47364,11,47368,0,47369,0,47370,9,47371,10,47372,0,47373,0,47374,0,
47476,3,47468,2781040,47474,333009,0,47479,180000,47479,0,47480,13,47564,1248000,47468,1248000,47470,1248000,47471,1248000,47473,960000,47474,960000,47476,960000,47477,960000,47466,22,47470,16,47471,0,47472,11,47474,27,47476,9,47477,9,47478,0,
47570,3,47566,2781720,47569,346636,0,47572,180000,47572,0,47573,17,47665,1248000,47567,1248000,47567,1248000,47568,1248000,47569,1824000,47570,1824000,47570,1824000,47571,1824000,47565,20,47567,0,47568,0,47569,0,47569,20,47570,100,47571,10,47572,10,
47672,3,47668,2782744,47672,1465057,473865,47674,180000,47674,0,47675,21,47765,1248000,47668,1248000,47669,1248000,47670,1248000,47671,1824000,47672,1824000,47673,1824000,47673,1824000,47666,40,47669,0,47670,0,47671,9,47671,10,47672,100,47673,10,47674,0,
47771,3,47767,2783488,47770,1142608,151416,47773,180000,47773,0,47774,20,47865,1248000,47767,1248000,47768,1248000,47769,1248000,47770,1958400,47771,1958400,47771,1958400,47772,1958400,47766,22,47768,0,47769,0,47770,0,47770,0,47771,100,47772,10,47773,18,
47872,3,47867,2785760,47871,1724619,733427,47875,180000,47875,0,47876,20,47966,1555200,47868,1248000,47868,1248000,47869,1248000,47870,1958400,47871,1958400,47873,1958400,47873,1958400,47866,12,47868,0,47869,10,47870,9,47871,20,47872,77,47873,40,47874,0,
47973,3,47968,2783800,47972,2318745,1327553,47974,180000,47975,0,47975,21,48067,1248000,47968,1555200,47970,1555200,47971,1555200,47971,1824000,47972,1824000,47973,1824000,47974,1824000,47967,60,47969,22,47970,18,47971,11,47972,30,47973,0,47974,20,47974,9,
48078,3,48070,2784040,48076,573816,0,48080,180000,48081,0,48082,15,48167,1248000,48070,1248000,48072,1248000,48074,1248000,48075,960000,48077,960000,48078,960000,48079,960000,48068,33,48071,11,48073,0,48075,0,48076,25,48078,25,48079,10,48080,18,
48178,3,48170,2779580,48176,586562,0,48180,180000,48181,0,48182,14,48268,1248000,48170,1248000,48172,1248000,48174,1248000,48175,960000,48177,960000,48178,960000,48179,960000,48168,40,48172,10,48174,0,48175,11,48176,33,48178,10,48179,11,48180,10,
48280,3,48271,2780324,48278,446380,0,48283,180000,48283,0,48284,13,48369,1248000,48271,1248000,48273,1248000,48275,1248000,48277,864000,48278,864000,48280,864000,48281,864000,48269,22,48273,22,48275,10,48276,0,48278,27,48279,20,48281,10,48282,0,
48380,3,48372,2780324,48379,474926,0,48383,180000,48384,0,48385,12,48470,1248000,48372,1248000,48374,1248000,48376,1248000,48378,864000,48379,864000,48381,864000,48382,864000,48370,50,48374,10,48375,0,48377,0,48379,33,48380,12,48382,0,48383,0,
48481,3,48473,2780208,48480,382724,0,48484,180000,48485,0,48486,15,48571,1248000,48474,1248000,48476,1248000,48477,1248000,48479,864000,48480,864000,48482,864000,48483,864000,48472,33,48475,11,48477,10,48478,11,48480,9,48481,20,48483,11,48484,9,
48581,3,48574,2780600,48579,421676,0,48583,180000,48584,0,48585,11,48671,1248000,48574,1248000,48575,1248000,48577,1248000,48578,864000,48579,864000,48581,864000,48582,864000,48572,33,48575,18,48576,0,48578,0,48579,20,48580,12,48582,10,48583,0,
48684,3,48674,2780848,48682,260176,0,48688,180000,48688,0,48690,8,48773,1248000,48675,1248000,48677,1248000,48679,1248000,48680,633600,48682,633600,48684,633600,48686,633600,48673,20,48676,0,48678,0,48680,16,48682,11,48684,16,48685,10,48687,0,
48784,3,48776,2780652,48783,241592,0,48787,180000,48788,0,48789,7,48873,1248000,48777,1248000,48778,1248000,48780,1248000,48781,864000,48783,864000,48785,864000,48786,864000,48774,27,48778,0,48780,0,48781,0,48783,22,48784,0,48786,0,48787,0,
48885,3,48877,2780652,48883,234887,0,48888,180000,48888,0,48889,8,48974,1248000,48878,1248000,48879,1248000,48881,1248000,48882,864000,48884,864000,48885,864000,48886,864000,48875,22,48879,0,48880,0,48882,10,48883,27,48885,0,48886,0,48887,0,
48987,3,48977,2780704,48985,217013,0,48990,180000,48991,0,48992,7,49075,1248000,48978,1248000,48980,1248000,48981,1248000,48983,633600,48985,633600,48987,633600,48989,633600,48975,20,48979,10,48981,0,48983,10,48985,10,48986,0,48988,0,48990,0,
49094,3,49082,2780748,49091,379012,0,49101,180000,49102,0,49104,9,49176,1555200,49082,1248000,49085,1248000,49087,1248000,49089,1248000,49091,1248000,49094,1248000,49098,1248000,49078,40,49084,0,49086,11,49089,9,49091,16,49094,0,49097,0,49101,0,
49188,3,49179,2780748,49186,566437,0,49192,180000,49193,0,49195,9,49276,1555200,49179,1555200,49181,1555200,49183,1555200,49185,633600,49187,633600,49189,633600,49190,633600,49177,50,49180,20,49183,9,49184,0,49186,0,49188,0,49190,0,49192,0,
49290,3,49279,2780748,49288,470081,0,49294,180000,49294,0,49296,8,49377,1248000,49280,1248000,49282,1248000,49284,1248000,49286,633600,49288,633600,49290,633600,49292,633600,49278,44,49281,20,49283,11,49285,0,49287,0,49289,0,49291,0,49293,0,
49392,3,49381,2780764,49390,433869,0,49396,180000,49397,0,49398,11,49478,1248000,49381,1248000,49383,1248000,49385,1248000,49388,633600,49390,633600,49392,633600,49394,633600,49379,41,49383,0,49385,36,49387,10,49389,0,49391,0,49394,0,49395,0,
49498,3,49483,2779544,49494,264311,0,49504,180000,49505,0,49506,9,49578,1248000,49483,1248000,49487,1248000,49489,1248000,49493,633600,49495,633600,49498,633600,49500,633600,49481,25,49485,0,49489,20,49492,8,49494,0,49498,0,49500,0,49503,0,
49599,3,49583,2779636,49597,449753,0,49604,180000,49606,0,49608,12,49679,960000,49583,1248000,49588,864000,49592,864000,49594,633600,49598,633600,49600,633600,49603,633600,49581,54,49587,25,49591,20,49594,0,49597,0,49599,0,49602,0,49604,0,
49695,3,49682,2779884,49693,295488,0,49700,180000,49701,0,49702,11,49779,864000,49683,960000,49685,960000,49688,960000,49690,633600,49693,633600,49696,633600,49698,633600,49681,50,49685,11,49687,18,49690,11,49692,0,49695,0,49698,0,49700,0,
49797,3,49783,2780132,49794,259376,0,49802,180000,49803,0,49804,8,49880,864000,49784,864000,49787,864000,49789,864000,49792,633600,49795,633600,49798,633600,49800,633600,49781,40,49786,33,49789,0,49791,20,49794,0,49797,0,49799,0,49802,0,
49899,3,49884,2780484,49896,167339,0,49905,180000,49906,0,49911,9,49981,1478400,49885,864000,49888,864000,49891,864000,49893,633600,49896,633600,49899,633600,49902,633600,49882,33,49887,27,49890,0,49893,0,49896,0,49898,0,49901,0,49905,0,
50000,3,49985,2779280,49997,446875,0,50005,180000,50005,0,50007,14,50082,768000,49986,960000,49989,960000,49992,960000,49994,633600,49998,633600,50000,633600,50002,633600,49984,16,49989,33,49991,60,49994,11,49997,0,49999,0,50002,0,50004,0,
50102,3,50087,2779280,50099,212179,0,50107,180000,50108,0,50109,12,50183,768000,50088,768000,50091,768000,50094,768000,50097,633600,50100,633600,50103,633600,50105,633600,50084,54,50090,27,50093,0,50096,10,50099,0,50102,0,50104,0,50107,0,
50203,3,50187,2779560,50200,240197,0,50208,180000,50209,0,50211,13,50284,768000,50188,768000,50191,768000,50194,672000,50197,633600,50200,633600,50203,633600,50206,633600,50185,44,50190,30,50193,20,50196,11,50200,0,50203,0,50205,0,50208,0,
50308,3,50288,2779364,50304,266397,0,50315,180000,50316,0,50317,13,50384,960000,50290,768000,50293,768000,50297,600000,50302,633600,50305,633600,50309,633600,50311,633600,50286,45,50293,33,50295,30,50301,9,50304,0,50308,0,50310,0,50314,0,
50400,3,50388,2779364,50398,246240,0,50405,180000,50405,0,50407,9,50485,960000,50388,960000,50391,960000,50393,960000,50396,633600,50398,633600,50401,633600,50403,633600,50386,55,50390,20,50393,0,50395,0,50398,0,50400,0,50403,0,50404,0,
50504,3,50489,2779612,50501,226540,0,50508,180000,50509,0,50511,9,50585,864000,50490,960000,50492,960000,50494,960000,50498,633600,50501,633600,50504,633600,50506,633600,50487,30,50491,30,50494,0,50497,9,50500,0,50504,0,50506,0,50508,0,
50603,3,50590,2779932,50600,231486,0,50608,180000,50609,0,50610,11,50686,960000,50590,864000,50593,864000,50595,864000,50598,633600,50600,633600,50603,633600,50605,633600,50588,30,50592,33,50595,20,50597,0,50600,0,50602,0,50605,0,50607,0,
50703,3,50690,2779736,50700,295488,0,50708,180000,50709,0,50710,10,50787,672000,50691,960000,50693,960000,50695,960000,50698,633600,50701,633600,50703,633600,50705,633600,50688,33,50693,10,50695,27,50697,20,50700,0,50702,0,50705,0,50707,0,
50807,3,50792,2779788,50804,196850,0,50815,180000,50816,0,50818,10,50888,960000,50793,672000,50796,672000,50799,672000,50802,633600,50805,633600,50807,633600,50811,633600,50790,33,50795,30,50798,10,50801,30,50804,0,50807,0,50810,0,50814,0,
50905,3,50892,2780036,50902,210124,0,50911,180000,50911,0,50913,9,50989,768000,50892,960000,50895,960000,50897,960000,50900,633600,50902,633600,50906,633600,50908,633600,50890,22,50894,0,50897,20,50899,22,50902,0,50905,0,50908,0,50910,0,
51008,3,50993,2779840,51005,200521,0,51015,180000,51016,0,51018,12,51089,600000,50993,768000,50996,768000,50999,768000,51002,633600,51005,633600,51008,633600,51011,633600,50991,30,50995,11,50998,0,51001,45,51004,0,51008,0,51011,0,51014,0,
51111,3,51094,2780088,51108,178200,0,51116,180000,51117,0,51119,11,51189,768000,51095,600000,51098,600000,51102,600000,51105,633600,51108,633600,51111,633600,51114,633600,51092,50,51097,20,51101,10,51104,30,51108,0,51110,0,51113,0,51115,0,
51209,3,51194,2780140,51206,230833,0,51214,180000,51215,0,51217,12,51291,768000,51195,768000,51197,768000,51200,768000,51203,633600,51206,633600,51209,633600,51211,633600,51192,33,51197,10,51200,11,51203,45,51205,0,51208,0,51211,0,51213,0,
51315,3,51295,2780192,51312,209848,0,51323,180000,51324,0,51325,13,51391,864000,51297,768000,51301,768000,51305,768000,51309,633600,51313,633600,51316,633600,51319,633600,51293,22,51300,20,51304,18,51308,30,51312,0,51315,0,51318,0,51322,0,
51409,3,51395,2780192,51406,329101,0,51414,180000,51415,0,51416,12,51492,672000,51396,864000,51398,864000,51401,864000,51403,633600,51406,633600,51410,633600,51412,633600,51393,60,51398,20,51400,18,51403,20,51405,0,51409,0,51411,0,51414,0,
51513,3,51496,2780580,51509,164360,0,51518,180000,51519,0,51521,11,51593,864000,51497,672000,51500,672000,51503,672000,51506,633600,51510,633600,51513,633600,51516,633600,51494,40,51500,10,51503,0,51506,36,51509,0,51513,0,51515,0,51518,0,
51614,3,51598,2780508,51612,186862,0,51619,180000,51620,0,51621,8,51693,864000,51599,864000,51601,864000,51606,864000,51609,633600,51612,633600,51614,633600,51617,633600,51595,25,51601,20,51605,10,51608,12,51611,0,51614,0,51616,0,51619,0,
51711,3,51697,2780508,51708,175706,0,51715,180000,51716,0,51718,9,51794,864000,51698,864000,51701,864000,51703,864000,51706,633600,51708,633600,51711,633600,51713,633600,51695,40,51700,12,51703,0,51705,11,51708,0,51710,0,51713,0,51715,0,
51816,3,51800,2780756,51813,217541,0,51821,180000,51821,0,51823,10,51895,864000,51800,864000,51804,864000,51807,864000,51811,633600,51814,633600,51816,633600,51819,633600,51798,36,51803,22,51806,10,51811,10,51813,0,51815,0,51818,0,51820,0,
51912,3,51899,2780808,51909,239853,0,51918,180000,51919,0,51921,10,51996,768000,51899,864000,51902,864000,51905,864000,51907,633600,51910,633600,51913,633600,51915,633600,51897,44,51901,10,51904,20,51907,12,51909,0,51912,0,51915,0,51918,0,
52015,3,52000,2780612,52012,244823,0,52022,180000,52022,0,52024,14,52097,600000,52001,768000,52004,768000,52007,768000,52010,633600,52013,633600,52016,633600,52019,633600,51998,45,52003,40,52006,11,52009,9,52012,0,52015,0,52019,0,52021,0,
52120,3,52102,2780612,52116,147420,0,52127,180000,52128,0,52129,10,52198,768000,52102,600000,52106,600000,52110,600000,52113,633600,52117,633600,52120,633600,52124,633600,52099,30,52105,40,52109,10,52112,11,52115,0,52119,0,52123,0,52126,0,
52224,3,52203,2780912,52221,249486,0,52231,180000,52232,0,52234,12,52298,1248000,52204,768000,52209,768000,52214,768000,52217,633600,52221,633600,52224,633600,52228,633600,52200,40,52208,40,52211,11,52216,16,52220,0,52224,0,52228,0,52231,0,
52314,3,52302,2781192,52311,304207,0,52319,180000,52320,0,52321,6,52399,960000,52302,1248000,52304,1248000,52306,1248000,52308,633600,52312,633600,52314,633600,52316,633600,52300,50,52304,0,52306,11,52308,0,52311,0,52313,0,52316,0,52318,0,
52420,3,52404,2780996,52417,203558,0,52426,180000,52429,0,52431,9,52499,864000,52405,960000,52407,960000,52411,960000,52414,633600,52417,633600,52421,633600,52424,633600,52401,40,52406,22,52411,0,52413,0,52417,0,52419,0,52423,0,52426,0,
52517,3,52503,2781476,52514,312367,0,52522,180000,52523,0,52525,12,52600,960000,52504,864000,52507,864000,52509,864000,52512,633600,52515,633600,52517,633600,52520,633600,52501,57,52506,27,52509,10,52511,18,52514,0,52517,0,52519,0,52522,0,
52618,3,52606,2781600,52616,236390,0,52624,180000,52625,0,52626,6,52701,1555200,52606,960000,52609,960000,52611,960000,52614,633600,52616,633600,52619,633600,52621,633600,52604,22,52608,20,52611,10,52613,20,52615,0,52618,0,52620,0,52623,0,
52711,3,52703,2779460,52710,1025323,34131,52715,180000,52716,0,52717,20,52801,960000,52703,1555200,52705,1555200,52707,1555200,52708,633600,52710,633600,52712,633600,52714,633600,52702,44,52705,55,52706,33,52708,11,52709,0,52711,0,52713,0,52715,0,
52816,3,52805,2779264,52814,249523,0,52821,180000,52822,0,52823,6,52902,864000,52805,960000,52808,960000,52810,960000,52812,633600,52815,633600,52817,633600,52819,633600,52803,36,52807,30,52809,10,52812,0,52814,0,52816,0,52819,0,52821,0,
52919,3,52906,2779068,52916,234275,0,52924,180000,52925,0,52926,13,53003,768000,52907,864000,52909,864000,52912,864000,52914,633600,52917,633600,52919,633600,52922,633600,52904,22,52909,22,52911,20,52913,20,52916,0,52919,0,52921,0,52923,0,
53021,3,53007,2779316,53018,247154,0,53027,180000,53028,0,53030,10,53104,768000,53008,768000,53011,768000,53013,768000,53016,633600,53019,633600,53022,633600,53024,633600,53005,33,53010,18,53013,25,53015,30,53018,0,53021,0,53024,0,53027,0,
53122,3,53108,2779368,53119,212179,0,53128,180000,53129,0,53131,12,53204,600000,53109,768000,53111,768000,53114,768000,53117,633600,53120,633600,53123,633600,53125,633600,53106,33,53111,11,53114,11,53116,36,53119,0,53122,0,53125,0,53127,0,
53228,3,53210,2779172,53225,123120,0,53233,180000,53234,0,53235,12,53305,864000,53211,600000,53215,600000,53218,600000,53222,633600,53225,633600,53228,633600,53230,633600,53207,33,53214,12,53217,11,53221,20,53224,0,53228,0,53230,0,53233,0,
53321,3,53309,2779504,53318,292844,0,53327,180000,53327,0,53329,11,53407,672000,53309,864000,53312,864000,53314,864000,53316,633600,53319,633600,53322,633600,53324,633600,53307,45,53311,40,53313,20,53316,0,53318,0,53321,0,53324,0,53326,0,
53430,3,53413,2779308,53427,172005,0,53435,180000,53436,0,53438,11,53507,768000,53413,672000,53417,672000,53421,672000,53425,633600,53427,633600,53430,633600,53433,633600,53410,30,53416,22,53420,20,53424,18,53427,0,53429,0,53432,0,53435,0,
53528,3,53512,2779524,53526,198190,0,53533,180000,53533,0,53535,8,53609,864000,53513,768000,53516,768000,53519,768000,53522,633600,53526,633600,53528,633600,53531,633600,53510,12,53515,20,53519,20,53521,33,53525,0,53528,0,53530,0,53532,0,
53629,3,53613,2779524,53627,190384,0,53635,180000,53635,0,53637,11,53659,960000,53614,864000,53617,672000,53620,672000,53624,633600,53627,633600,53630,633600,53632,633600,53611,14,53616,20,53620,20,53623,30,53626,0,53629,0,53632,0,53634,0,
53675,3,53664,2779524,53673,279072,0,53680,180000,53680,0,53682,11,53759,960000,53664,960000,53666,960000,53669,960000,53671,633600,53673,633600,53675,633600,53678,633600,53662,25,53666,0,53668,0,53670,60,53673,0,53675,0,53677,0,53679,0,
53780,3,53763,2779824,53777,196992,0,53785,180000,53787,0,53789,7,53860,1248000,53764,960000,53767,960000,53771,960000,53774,633600,53778,633600,53780,633600,53783,633600,53761,40,53766,0,53769,10,53774,10,53776,0,53779,0,53782,0,53785,0,
53874,3,53863,2779824,53872,379012,0,53878,180000,53879,0,53880,8,53960,1248000,53864,1248000,53866,1248000,53868,1248000,53870,633600,53872,633600,53875,633600,53876,633600,53861,55,53865,10,53868,0,53870,11,53872,0,53874,0,53876,0,53878,0,
53974,3,53964,2779824,53972,329142,0,53979,180000,53980,0,53981,9,54061,1248000,53964,1248000,53966,1248000,53968,1248000,53970,633600,53973,633600,53975,633600,53977,633600,53962,30,53966,0,53968,36,53970,0,53972,0,53974,0,53977,0,53979,0,
54075,3,54064,2779628,54073,329142,0,54079,180000,54080,0,54082,8,54162,864000,54065,1248000,54067,1248000,54069,1248000,54071,633600,54073,633600,54075,633600,54077,633600,54062,14,54066,12,54068,40,54070,0,54073,0,54075,0,54077,0,54079,0,
54180,3,54166,2779628,54177,214752,0,54186,180000,54186,0,54188,9,54262,960000,54166,864000,54169,864000,54172,864000,54175,633600,54178,633600,54180,633600,54183,633600,54164,46,54168,9,54172,22,54174,0,54177,0,54180,0,54182,0,54185,0,
54279,3,54266,2780124,54276,196992,0,54284,180000,54285,0,54287,12,54363,960000,54267,960000,54269,960000,54272,960000,54274,633600,54277,633600,54280,633600,54282,633600,54264,30,54269,0,54271,30,54274,0,54276,0,54279,0,54281,0,54284,0,
54379,3,54367,2779928,54377,338169,0,54385,180000,,,,,,,54367,960000,54370,960000,54372,960000,54374,633600,54377,633600,54380,633600,54382,633600,54365,40,54369,30,54371,22,54374,11,54376,0,54379,0,54382,0,54384,0,
,,,,,,,,,,,,,,,,,,,,,,,,,,,,,,,,,,,,,,,,,,,,,

System Statistics:
Sensor Id,Name,Type,Average
206,"Battery Status",Battery Status,3.0
328,"Memory Usage",Memory Usage [KB],2779818.017804154
332,"Battery Power*",Power [uW],196669.2284866469
400,"GPU Frequency",GPU Frequency [KHz],181854.5994065282
401,"GPU Load",GPU Load [%],1.0238095238095237
600,"CPU Load",CPU Load [%],13.895833333333334
1000,"CPU1 Frequency",CPU Frequency [kHz],1223173.887240356
1001,"CPU2 Frequency",CPU Frequency [kHz],1218231.4540059348
1002,"CPU3 Frequency",CPU Frequency [kHz],1220068.8427299703
1003,"CPU4 Frequency",CPU Frequency [kHz],1227461.127596439
1004,"CPU5 Frequency",CPU Frequency [kHz],903824.3323442136
1005,"CPU6 Frequency",CPU Frequency [kHz],907470.6231454005
1006,"CPU7 Frequency",CPU Frequency [kHz],908154.3026706232
1007,"CPU8 Frequency",CPU Frequency [kHz],906046.2908011869
1096,"CPU1 Load",CPU Load [%],37.789317507418396
1097,"CPU2 Load",CPU Load [%],19.329376854599406
1098,"CPU3 Load",CPU Load [%],15.56379821958457
1099,"CPU4 Load",CPU Load [%],14.617210682492582
1100,"CPU5 Load",CPU Load [%],13.777448071216618
1101,"CPU6 Load",CPU Load [%],6.356083086053412
1102,"CPU7 Load",CPU Load [%],4.27299703264095
1103,"CPU8 Load",CPU Load [%],1.7032640949554896


